# ARTISTS (100 artistas)
INSERT INTO artists(artist_id, artist_name) VALUE('0wn2qDKzeFlhjRUtJAwJja', 'The Beatles');
INSERT INTO artists(artist_id, artist_name) VALUE('0wn2qDKzeFlhjRUtJAwJjb','Queen');
INSERT INTO artists(artist_id, artist_name) VALUE('0wn2qDKzeFlhjRUtJAwJjc', 'Led Zeppelin');
INSERT INTO artists(artist_id, artist_name) VALUE('0wn2qDKzeFlhjRUtJAwJjd', 'Pink Floyd');
INSERT INTO artists(artist_id, artist_name) VALUE('0wn2qDKzeFlhjRUtJAwJje', 'The Rolling Stones');
INSERT INTO artists(artist_id, artist_name) VALUE('0wn2qDKzeFlhjRUtJAwJjf', 'Nirvana');
INSERT INTO artists(artist_id, artist_name) VALUE('0wn2qDKzeFlhjRUtJAwJjg', 'U2');
INSERT INTO artists(artist_id, artist_name) VALUE('0wn2qDKzeFlhjRUtJAwJjh', 'The Eagles');
INSERT INTO artists(artist_id, artist_name) VALUE('0wn2qDKzeFlhjRUtJAwJji', 'AC/DC');
INSERT INTO artists(artist_id, artist_name) VALUE('0wn2qDKzeFlhjRUtJAwJjj', 'Metallica');
INSERT INTO artists(artist_id, artist_name) VALUE('0wn2qDKzeFlhjRUtJAwJjk', 'Radiohead');
INSERT INTO artists(artist_id, artist_name) VALUE('0wn2qDKzeFlhjRUtJAwJjl', 'The Who');
INSERT INTO artists(artist_id, artist_name) VALUE('0wn2qDKzeFlhjRUtJAwJjm', 'Guns and Roses');
INSERT INTO artists(artist_id, artist_name) VALUE('0wn2qDKzeFlhjRUtJAwJjn', 'Red Hot Chili Peppers');
INSERT INTO artists(artist_id, artist_name) VALUE('0wn2qDKzeFlhjRUtJAwJjo', 'Fleetwood Mac');
INSERT INTO artists(artist_id, artist_name) VALUE('0wn2qDKzeFlhjRUtJAwJjp', 'Coldplay');
INSERT INTO artists(artist_id, artist_name) VALUE('0wn2qDKzeFlhjRUtJAwJjq', 'Aerosmith');
INSERT INTO artists(artist_id, artist_name) VALUE('0wn2qDKzeFlhjRUtJAwJr', 'Pearl Jam');
INSERT INTO artists(artist_id, artist_name) VALUE('0wn2qDKzeFlhjRUtJAwJjs', 'The Beach Boys');
INSERT INTO artists(artist_id, artist_name) VALUE('0wn2qDKzeFlhjRUtJAwJjt', 'Oasis');
INSERT INTO artists(artist_id, artist_name) VALUE('0wn2qDKzeFlhjRUtJAwJju', 'Green Day');
INSERT INTO artists(artist_id, artist_name) VALUE('0wn2qDKzeFlhjRUtJAwJjv', 'Foo Fighters');
INSERT INTO artists(artist_id, artist_name) VALUE('0wn2qDKzeFlhjRUtJAwJjw', 'The Doors');
INSERT INTO artists(artist_id, artist_name) VALUE('0wn2qDKzeFlhjRUtJAwJjx', 'Black Sabbath');
INSERT INTO artists(artist_id, artist_name) VALUE('0wn2qDKzeFlhjRUtJAwJjy', 'R.E.M.');
INSERT INTO artists(artist_id, artist_name) VALUE('0wn2qDKzeFlhjRUtJAwJjz', 'Bon Jovi');
INSERT INTO artists(artist_id, artist_name) VALUE('0wn2qDKzeFlhjRUtJAwJaa', 'The Police');
INSERT INTO artists(artist_id, artist_name) VALUE('0wn2qDKzeFlhjRUtJAwJba', 'The Cure');
INSERT INTO artists(artist_id, artist_name) VALUE('0wn2qDKzeFlhjRUtJAwJca', 'Deep Purple');
INSERT INTO artists(artist_id, artist_name) VALUE('0wn2qDKzeFlhjRUtJAwJda', 'Lynyrd Skynyrd');
INSERT INTO artists(artist_id, artist_name) VALUE('0wn2qDKzeFlhjRUtJAwJea', 'The Clash');
INSERT INTO artists(artist_id, artist_name) VALUE('0wn2qDKzeFlhjRUtJAwJfa', 'Van Halen');
INSERT INTO artists(artist_id, artist_name) VALUE('0wn2qDKzeFlhjRUtJAwJga', 'Rush');
INSERT INTO artists(artist_id, artist_name) VALUE('0wn2qDKzeFlhjRUtJAwJha', 'The Kinks');
INSERT INTO artists(artist_id, artist_name) VALUE('0wn2qDKzeFlhjRUtJAwJia', 'Genesis');
INSERT INTO artists(artist_id, artist_name) VALUE('0wn2qDKzeFlhjRUiJAwJja', 'The Smiths');
INSERT INTO artists(artist_id, artist_name) VALUE('0wn2qDKzeFlhjRUtJAwJka', 'The Velvet Underground');
INSERT INTO artists(artist_id, artist_name) VALUE('0wn2qDKzeFlhjRUtJAwJla', 'Cream');
INSERT INTO artists(artist_id, artist_name) VALUE('0wn2qDKzeFlhjRUtJAwJma', 'Yes');
INSERT INTO artists(artist_id, artist_name) VALUE('0wn2qDKzeFlhjRUtJAwJna', 'Ramones');
INSERT INTO artists(artist_id, artist_name) VALUE('0wn2qDKzeFlhjRUtJAwJoa', 'Talking Heads');
INSERT INTO artists(artist_id, artist_name) VALUE('0wn2qDKzeFlhjRUtJAwJpa', 'Journey');
INSERT INTO artists(artist_id, artist_name) VALUE('0wn2qDKzeFlhjRUtJAwJqa', 'Def Leppard');
INSERT INTO artists(artist_id, artist_name) VALUE('0wn2qDKzeFlhjRUtJAwJra', 'ZZ Top');
INSERT INTO artists(artist_id, artist_name) VALUE('0wn2qDKzeFlhjRUtJAwJsa', 'Dire Straits');
INSERT INTO artists(artist_id, artist_name) VALUE('0wn2qDKzeFlhjRUtJAwJta', 'The Allman Brothers Band');
INSERT INTO artists(artist_id, artist_name) VALUE('0wn2qDKzeFlhjRUtJAwJua', 'The Bee Gees');
INSERT INTO artists(artist_id, artist_name) VALUE('0wn2qDKzeFlhjRUtJAwJva', 'The Temptations');
INSERT INTO artists(artist_id, artist_name) VALUE('0wn2qDKzeFlhjRUtJAwJwa', 'Tame Impala');
INSERT INTO artists(artist_id, artist_name) VALUE('0wn2qDKzeFlhjRUtJAwJxa', 'System of a Down');
INSERT INTO artists(artist_id, artist_name) VALUE('0wn2qDKzeFlhjRUtJAwJya', 'Nicky Nicole');
INSERT INTO artists(artist_id, artist_name) VALUE('0wn2qDKzeFlhjRUtJAwJza', 'Maria Becerra');
INSERT INTO artists(artist_id, artist_name) VALUE('0wn2qDKzeFlhjRUtJAwAaa', 'Luis Fonsi');
INSERT INTO artists(artist_id, artist_name) VALUE('0wn2qDKzeFlhjRUtJAwBaa', 'Arctic Monkeys');
INSERT INTO artists(artist_id, artist_name) VALUE('0wn2qDKzeFlhjRUtJAwCaa', 'Gorillaz');
INSERT INTO artists(artist_id, artist_name) VALUE('0wn2qDKzeFlhjRUtJAwDaa', 'Arcade Fire');
INSERT INTO artists(artist_id, artist_name) VALUE('0wn2qDKzeFlhjRUtJAwEaa', 'Daddy Yankee');
INSERT INTO artists(artist_id, artist_name) VALUE('0wn2qDKzeFlhjRUtJAwFaa', 'Florence + The Machine');
INSERT INTO artists(artist_id, artist_name) VALUE('0wn2qDKzeFlhjRUtJAwGaa', 'Imagine Dragons');
INSERT INTO artists(artist_id, artist_name) VALUE('0wn2qDKzeFlhjRUtJAwHaa', 'Paramore');
INSERT INTO artists(artist_id, artist_name) VALUE('0wn2qDKzeFlhjRUtJAwIaa', 'Cold War Kids');
INSERT INTO artists(artist_id, artist_name) VALUE('0wn2qDKzeFlhjiUtJAwJaa', 'The Lumineers');
INSERT INTO artists(artist_id, artist_name) VALUE('0wn2qDKzeFlhjRUtJAwKaa', 'Arca');
INSERT INTO artists(artist_id, artist_name) VALUE('0wn2qDKzeFlhjRUtJAwLaa', 'The Strokes');
INSERT INTO artists(artist_id, artist_name) VALUE('0wn2qDKzeFlhjRUtJAwMaa', 'Muse');
INSERT INTO artists(artist_id, artist_name) VALUE('0wn2qDKzeFlhjRUtJAwNaa', 'Kings of Leon');
INSERT INTO artists(artist_id, artist_name) VALUE('0wn2qDKzeFlhjRUtJAwOaa', 'Maroon 5');
INSERT INTO artists(artist_id, artist_name) VALUE('0wn2qDKzeFlhjRUtJAwPaa', 'Foster the People');
INSERT INTO artists(artist_id, artist_name) VALUE('0wn2qDKzeFlhjRUtJAwQaa', 'Twenty One Pilots');
INSERT INTO artists(artist_id, artist_name) VALUE('0wn2qDKzeFlhjRUtJAwRaa', 'Panic! At The Disco');
INSERT INTO artists(artist_id, artist_name) VALUE('0wn2qDKzeFlhjRUtJAwSaa', 'Fall Out Boy');
INSERT INTO artists(artist_id, artist_name) VALUE('0wn2qDKzeFlhjRUtJAwTaa', 'The 1975');
INSERT INTO artists(artist_id, artist_name) VALUE('0wn2qDKzeFlhjRUtJAwUaa', 'Princess Nokia');
INSERT INTO artists(artist_id, artist_name) VALUE('0wn2qDKzeFlhjRUtJAwVaa', 'Interpol');
INSERT INTO artists(artist_id, artist_name) VALUE('0wn2qDKzeFlhjRUtJAwWaa', 'Alt-J');
INSERT INTO artists(artist_id, artist_name) VALUE('0wn2qDKzeFlhjRUtJAwXaa', 'Death Cab for Cutie');
INSERT INTO artists(artist_id, artist_name) VALUE('0wn2qDKzeFlhjRUtJAwYaa', 'Modest Mouse');
INSERT INTO artists(artist_id, artist_name) VALUE('0wn2qDKzeFlhjRUtJAwZaa', 'MGMT');
INSERT INTO artists(artist_id, artist_name) VALUE('0wn2qDKzeFlhjRUtJAaZaa', 'Spoon');
INSERT INTO artists(artist_id, artist_name) VALUE('0wn2qDKzeFlhjRUtJAbZaa', 'Franz Ferdinand');
INSERT INTO artists(artist_id, artist_name) VALUE('0wn2qDKzeFlhjRUtJAcZaa', 'Phoenix');
INSERT INTO artists(artist_id, artist_name) VALUE('0wn2qDKzeFlhjRUtJAdZaa', 'LCD Soundsystem');
INSERT INTO artists(artist_id, artist_name) VALUE('0wn2qDKzeFlhjRUtJAeZaa', 'The White Stripes');
INSERT INTO artists(artist_id, artist_name) VALUE('0wn2qDKzeFlhjRUtJAfZaa', 'Beck');
INSERT INTO artists(artist_id, artist_name) VALUE('0wn2qDKzeFlhjRUtJAgZaa', 'Wilco');
INSERT INTO artists(artist_id, artist_name) VALUE('0wn2qDKzeFlhjRUtJAhZaa', 'The Shins');
INSERT INTO artists(artist_id, artist_name) VALUE('0wn2qDKzeFlhjRUtJAiZaa', 'Fleet Foxes');
INSERT INTO artists(artist_id, artist_name) VALUE('0wn2qDKzeFlhjRUtJAjZaa', 'Cage the Elephant');
INSERT INTO artists(artist_id, artist_name) VALUE('0wn2qDKzeFlhjRUtJAkZaa', 'St. Vincent');
INSERT INTO artists(artist_id, artist_name) VALUE('0wn2qDKzeFlhjRUtJAlZaa', 'Portugal. The Man');
INSERT INTO artists(artist_id, artist_name) VALUE('0wn2qDKzeFlhjRUtJAmZaa', 'Queens of the Stone Age');
INSERT INTO artists(artist_id, artist_name) VALUE('0wn2qDKzeFlhjRUtJAnZaa', 'Alabama Shakes');
INSERT INTO artists(artist_id, artist_name) VALUE('0wn2qDKzeFlhjRUtJAoZaa', 'Of Monsters and Men');
INSERT INTO artists(artist_id, artist_name) VALUE('0wn2qDKzeFlhjRUtJApZaa', 'The National');
INSERT INTO artists(artist_id, artist_name) VALUE('0wn2qDKzeFlhjRUtJAqZaa', 'Hozier');
INSERT INTO artists(artist_id, artist_name) VALUE('0wn2qDKzeFlhjRUtJArZaa', 'Crystal Castles');
INSERT INTO artists(artist_id, artist_name) VALUE('0wn2qDKzeFlhjRUtJAsZaa', 'Ariana Grande');
INSERT INTO artists(artist_id, artist_name) VALUE('0wn2qDKzeFlhjRUtJAtZaa', 'Sevdaliza');
INSERT INTO artists(artist_id, artist_name) VALUE('0wn2qDKzeFlhjRUtJAuZaa', 'Crim3s');
INSERT INTO artists(artist_id, artist_name) VALUE('0wn2qDKzeFlhjRUtJAvZaa', 'Lebanon Hanover');

/*
# GENRES (10 géneros musicales)
INSERT INTO genres(genre_name) VALUE('Pop');
INSERT INTO genres(genre_name) VALUE('R&B');
INSERT INTO genres(genre_name) VALUE('Electrónica');
INSERT INTO genres(genre_name) VALUE('Trip Hop');
INSERT INTO genres(genre_name) VALUE('Hip Hop');
INSERT INTO genres(genre_name) VALUE('Cumbia');
INSERT INTO genres(genre_name) VALUE('Rock');
INSERT INTO genres(genre_name) VALUE('Witch House');
INSERT INTO genres(genre_name) VALUE('ElectroPunk');
INSERT INTO genres(genre_name) VALUE('Hard Rock');
*/

# USERS (Contraseña: ChatBeat2024)
#CASO PRUEBA, IR EDITANDO PREFERENCIAS.
INSERT INTO users(active, banned_users, birthdate, current_song, description, email, gender, name, password, photo, pronouns, social_battery) 
	VALUE(true, null, '1990-05-15 00:00:00.000000', '1', '1', 'test01@gmail.com', 'MASCULINO', '1', '$2a$10$wx7wlaU/hzADhijCBFjKzuS9tZLUXo7m9TOx5z7ZnQXbLjuTGPCJ2', '1', 'El', 'AVAILABLE');

#MASC VARÍAN EN EDAD
INSERT INTO users(active, banned_users, birthdate, current_song, description, email, gender, name, password, photo, pronouns, social_battery) 
	VALUE(true, null, '2005-05-15 00:00:00.000000', '1', '1', 'test02@gmail.com', 'MASCULINO', '2', '$2a$10$wx7wlaU/hzADhijCBFjKzuS9tZLUXo7m9TOx5z7ZnQXbLjuTGPCJ2', '1', 'El', 'AVAILABLE');
INSERT INTO users(active, banned_users, birthdate, current_song, description, email, gender, name, password, photo, pronouns, social_battery) 
	VALUE(true, null, '1995-05-15 00:00:00.000000', '1', '1', 'test03@gmail.com', 'MASCULINO', '3', '$2a$10$wx7wlaU/hzADhijCBFjKzuS9tZLUXo7m9TOx5z7ZnQXbLjuTGPCJ2', '1', 'El', 'AVAILABLE');
INSERT INTO users(active, banned_users, birthdate, current_song, description, email, gender, name, password, photo, pronouns, social_battery) 
	VALUE(true, null, '1985-05-15 00:00:00.000000', '1', '1', 'test04@gmail.com', 'MASCULINO', '4', '$2a$10$wx7wlaU/hzADhijCBFjKzuS9tZLUXo7m9TOx5z7ZnQXbLjuTGPCJ2', '1', 'El', 'AVAILABLE');
INSERT INTO users(active, banned_users, birthdate, current_song, description, email, gender, name, password, photo, pronouns, social_battery) 
	VALUE(true, null, '1975-05-15 00:00:00.000000', '1', '1', 'test05@gmail.com', 'MASCULINO', '5', '$2a$10$wx7wlaU/hzADhijCBFjKzuS9tZLUXo7m9TOx5z7ZnQXbLjuTGPCJ2', '1', 'El', 'AVAILABLE');
INSERT INTO users(active, banned_users, birthdate, current_song, description, email, gender, name, password, photo, pronouns, social_battery) 
	VALUE(true, null, '1965-05-15 00:00:00.000000', '1', '1', 'test06@gmail.com', 'MASCULINO', '6', '$2a$10$wx7wlaU/hzADhijCBFjKzuS9tZLUXo7m9TOx5z7ZnQXbLjuTGPCJ2', '1', 'El', 'AVAILABLE');

#MASC VARÍAN EN EDAD. RIGHT NOW.
INSERT INTO users(active, banned_users, birthdate, current_song, description, email, gender, name, password, photo, pronouns, social_battery) 
	VALUE(true, null, '2005-05-15 00:00:00.000000', '1', '1', 'test07@gmail.com', 'MASCULINO', '7', '$2a$10$wx7wlaU/hzADhijCBFjKzuS9tZLUXo7m9TOx5z7ZnQXbLjuTGPCJ2', '1', 'El', 'AVAILABLE');
INSERT INTO users(active, banned_users, birthdate, current_song, description, email, gender, name, password, photo, pronouns, social_battery) 
	VALUE(true, null, '1995-05-15 00:00:00.000000', '1', '1', 'test08@gmail.com', 'MASCULINO', '8', '$2a$10$wx7wlaU/hzADhijCBFjKzuS9tZLUXo7m9TOx5z7ZnQXbLjuTGPCJ2', '1', 'El', 'AVAILABLE');
INSERT INTO users(active, banned_users, birthdate, current_song, description, email, gender, name, password, photo, pronouns, social_battery) 
	VALUE(true, null, '1985-05-15 00:00:00.000000', '1', '1', 'test09@gmail.com', 'MASCULINO', '9', '$2a$10$wx7wlaU/hzADhijCBFjKzuS9tZLUXo7m9TOx5z7ZnQXbLjuTGPCJ2', '1', 'El', 'AVAILABLE');
INSERT INTO users(active, banned_users, birthdate, current_song, description, email, gender, name, password, photo, pronouns, social_battery) 
	VALUE(true, null, '1975-05-15 00:00:00.000000', '1', '1', 'test10@gmail.com', 'MASCULINO', '10', '$2a$10$wx7wlaU/hzADhijCBFjKzuS9tZLUXo7m9TOx5z7ZnQXbLjuTGPCJ2', '1', 'El', 'AVAILABLE');
INSERT INTO users(active, banned_users, birthdate, current_song, description, email, gender, name, password, photo, pronouns, social_battery) 
	VALUE(true, null, '1965-05-15 00:00:00.000000', '1', '1', 'test11@gmail.com', 'MASCULINO', '11', '$2a$10$wx7wlaU/hzADhijCBFjKzuS9tZLUXo7m9TOx5z7ZnQXbLjuTGPCJ2', '1', 'El', 'AVAILABLE');

#MASC VARÍAN EN EDAD. JUST FRIENDS.
INSERT INTO users(active, banned_users, birthdate, current_song, description, email, gender, name, password, photo, pronouns, social_battery) 
	VALUE(true, null, '2005-05-15 00:00:00.000000', '1', '1', 'test12@gmail.com', 'MASCULINO', '12', '$2a$10$wx7wlaU/hzADhijCBFjKzuS9tZLUXo7m9TOx5z7ZnQXbLjuTGPCJ2', '1', 'El', 'AVAILABLE');
INSERT INTO users(active, banned_users, birthdate, current_song, description, email, gender, name, password, photo, pronouns, social_battery) 
	VALUE(true, null, '1995-05-15 00:00:00.000000', '1', '1', 'test13@gmail.com', 'MASCULINO', '13', '$2a$10$wx7wlaU/hzADhijCBFjKzuS9tZLUXo7m9TOx5z7ZnQXbLjuTGPCJ2', '1', 'El', 'AVAILABLE');
INSERT INTO users(active, banned_users, birthdate, current_song, description, email, gender, name, password, photo, pronouns, social_battery) 
	VALUE(true, null, '1985-05-15 00:00:00.000000', '1', '1', 'test14@gmail.com', 'MASCULINO', '14', '$2a$10$wx7wlaU/hzADhijCBFjKzuS9tZLUXo7m9TOx5z7ZnQXbLjuTGPCJ2', '1', 'El', 'AVAILABLE');
INSERT INTO users(active, banned_users, birthdate, current_song, description, email, gender, name, password, photo, pronouns, social_battery) 
	VALUE(true, null, '1975-05-15 00:00:00.000000', '1', '1', 'test15@gmail.com', 'MASCULINO', '15', '$2a$10$wx7wlaU/hzADhijCBFjKzuS9tZLUXo7m9TOx5z7ZnQXbLjuTGPCJ2', '1', 'El', 'AVAILABLE');
INSERT INTO users(active, banned_users, birthdate, current_song, description, email, gender, name, password, photo, pronouns, social_battery) 
	VALUE(true, null, '1965-05-15 00:00:00.000000', '1', '1', 'test16@gmail.com', 'MASCULINO', '16', '$2a$10$wx7wlaU/hzADhijCBFjKzuS9tZLUXo7m9TOx5z7ZnQXbLjuTGPCJ2', '1', 'El', 'AVAILABLE');

#MASC VARÍAN EN EDAD. LTR.
INSERT INTO users(active, banned_users, birthdate, current_song, description, email, gender, name, password, photo, pronouns, social_battery) 
	VALUE(true, null, '2005-05-15 00:00:00.000000', '1', '1', 'test17@gmail.com', 'MASCULINO', '17', '$2a$10$wx7wlaU/hzADhijCBFjKzuS9tZLUXo7m9TOx5z7ZnQXbLjuTGPCJ2', '1', 'El', 'AVAILABLE');
INSERT INTO users(active, banned_users, birthdate, current_song, description, email, gender, name, password, photo, pronouns, social_battery) 
	VALUE(true, null, '1995-05-15 00:00:00.000000', '1', '1', 'test18@gmail.com', 'MASCULINO', '18', '$2a$10$wx7wlaU/hzADhijCBFjKzuS9tZLUXo7m9TOx5z7ZnQXbLjuTGPCJ2', '1', 'El', 'AVAILABLE');
INSERT INTO users(active, banned_users, birthdate, current_song, description, email, gender, name, password, photo, pronouns, social_battery) 
	VALUE(true, null, '1985-05-15 00:00:00.000000', '1', '1', 'test19@gmail.com', 'MASCULINO', '19', '$2a$10$wx7wlaU/hzADhijCBFjKzuS9tZLUXo7m9TOx5z7ZnQXbLjuTGPCJ2', '1', 'El', 'AVAILABLE');
INSERT INTO users(active, banned_users, birthdate, current_song, description, email, gender, name, password, photo, pronouns, social_battery) 
	VALUE(true, null, '1975-05-15 00:00:00.000000', '1', '1', 'test20@gmail.com', 'MASCULINO', '20', '$2a$10$wx7wlaU/hzADhijCBFjKzuS9tZLUXo7m9TOx5z7ZnQXbLjuTGPCJ2', '1', 'El', 'AVAILABLE');
INSERT INTO users(active, banned_users, birthdate, current_song, description, email, gender, name, password, photo, pronouns, social_battery) 
	VALUE(true, null, '1965-05-15 00:00:00.000000', '1', '1', 'test21@gmail.com', 'MASCULINO', '21', '$2a$10$wx7wlaU/hzADhijCBFjKzuS9tZLUXo7m9TOx5z7ZnQXbLjuTGPCJ2', '1', 'El', 'AVAILABLE');

#MASC CASO NEGATIVO.
INSERT INTO users(active, banned_users, birthdate, current_song, description, email, gender, name, password, photo, pronouns, social_battery) 
	VALUE(true, null, '1990-05-15 00:00:00.000000', '1', '1', 'test22@gmail.com', 'MASCULINO', '22', '$2a$10$wx7wlaU/hzADhijCBFjKzuS9tZLUXo7m9TOx5z7ZnQXbLjuTGPCJ2', '1', 'El', 'AVAILABLE');
INSERT INTO users(active, banned_users, birthdate, current_song, description, email, gender, name, password, photo, pronouns, social_battery) 
	VALUE(true, null, '1990-05-15 00:00:00.000000', '1', '1', 'test23@gmail.com', 'MASCULINO', '23', '$2a$10$wx7wlaU/hzADhijCBFjKzuS9tZLUXo7m9TOx5z7ZnQXbLjuTGPCJ2', '1', 'El', 'AVAILABLE');
INSERT INTO users(active, banned_users, birthdate, current_song, description, email, gender, name, password, photo, pronouns, social_battery) 
	VALUE(true, null, '1990-05-15 00:00:00.000000', '1', '1', 'test24@gmail.com', 'MASCULINO', '24', '$2a$10$wx7wlaU/hzADhijCBFjKzuS9tZLUXo7m9TOx5z7ZnQXbLjuTGPCJ2', '1', 'El', 'AVAILABLE');

#FEM VARÍAN EN EDAD
INSERT INTO users(active, banned_users, birthdate, current_song, description, email, gender, name, password, photo, pronouns, social_battery) 
	VALUE(true, null, '2005-05-15 00:00:00.000000', '1', '1', 'test25@gmail.com', 'FEMENINO', '25', '$2a$10$wx7wlaU/hzADhijCBFjKzuS9tZLUXo7m9TOx5z7ZnQXbLjuTGPCJ2', '1', 'El', 'AVAILABLE');
INSERT INTO users(active, banned_users, birthdate, current_song, description, email, gender, name, password, photo, pronouns, social_battery) 
	VALUE(true, null, '1995-05-15 00:00:00.000000', '1', '1', 'test26@gmail.com', 'FEMENINO', '26', '$2a$10$wx7wlaU/hzADhijCBFjKzuS9tZLUXo7m9TOx5z7ZnQXbLjuTGPCJ2', '1', 'El', 'AVAILABLE');
INSERT INTO users(active, banned_users, birthdate, current_song, description, email, gender, name, password, photo, pronouns, social_battery) 
	VALUE(true, null, '1985-05-15 00:00:00.000000', '1', '1', 'test27@gmail.com', 'FEMENINO', '27', '$2a$10$wx7wlaU/hzADhijCBFjKzuS9tZLUXo7m9TOx5z7ZnQXbLjuTGPCJ2', '1', 'El', 'AVAILABLE');
INSERT INTO users(active, banned_users, birthdate, current_song, description, email, gender, name, password, photo, pronouns, social_battery) 
	VALUE(true, null, '1975-05-15 00:00:00.000000', '1', '1', 'test28@gmail.com', 'FEMENINO', '28', '$2a$10$wx7wlaU/hzADhijCBFjKzuS9tZLUXo7m9TOx5z7ZnQXbLjuTGPCJ2', '1', 'El', 'AVAILABLE');
INSERT INTO users(active, banned_users, birthdate, current_song, description, email, gender, name, password, photo, pronouns, social_battery) 
	VALUE(true, null, '1965-05-15 00:00:00.000000', '1', '1', 'test29@gmail.com', 'FEMENINO', '29', '$2a$10$wx7wlaU/hzADhijCBFjKzuS9tZLUXo7m9TOx5z7ZnQXbLjuTGPCJ2', '1', 'El', 'AVAILABLE');

#FEM VARÍAN EN EDAD. RIGHT NOW.
INSERT INTO users(active, banned_users, birthdate, current_song, description, email, gender, name, password, photo, pronouns, social_battery) 
	VALUE(true, null, '2005-05-15 00:00:00.000000', '1', '1', 'test30@gmail.com', 'FEMENINO', '30', '$2a$10$wx7wlaU/hzADhijCBFjKzuS9tZLUXo7m9TOx5z7ZnQXbLjuTGPCJ2', '1', 'El', 'AVAILABLE');
INSERT INTO users(active, banned_users, birthdate, current_song, description, email, gender, name, password, photo, pronouns, social_battery) 
	VALUE(true, null, '1995-05-15 00:00:00.000000', '1', '1', 'test31@gmail.com', 'FEMENINO', '31', '$2a$10$wx7wlaU/hzADhijCBFjKzuS9tZLUXo7m9TOx5z7ZnQXbLjuTGPCJ2', '1', 'El', 'AVAILABLE');
INSERT INTO users(active, banned_users, birthdate, current_song, description, email, gender, name, password, photo, pronouns, social_battery) 
	VALUE(true, null, '1985-05-15 00:00:00.000000', '1', '1', 'test32@gmail.com', 'FEMENINO', '32', '$2a$10$wx7wlaU/hzADhijCBFjKzuS9tZLUXo7m9TOx5z7ZnQXbLjuTGPCJ2', '1', 'El', 'AVAILABLE');
INSERT INTO users(active, banned_users, birthdate, current_song, description, email, gender, name, password, photo, pronouns, social_battery) 
	VALUE(true, null, '1975-05-15 00:00:00.000000', '1', '1', 'test33@gmail.com', 'FEMENINO', '33', '$2a$10$wx7wlaU/hzADhijCBFjKzuS9tZLUXo7m9TOx5z7ZnQXbLjuTGPCJ2', '1', 'El', 'AVAILABLE');
INSERT INTO users(active, banned_users, birthdate, current_song, description, email, gender, name, password, photo, pronouns, social_battery) 
	VALUE(true, null, '1965-05-15 00:00:00.000000', '1', '1', 'test34@gmail.com', 'FEMENINO', '34', '$2a$10$wx7wlaU/hzADhijCBFjKzuS9tZLUXo7m9TOx5z7ZnQXbLjuTGPCJ2', '1', 'El', 'AVAILABLE');

#FEM VARÍAN EN EDAD. JUST FRIENDS.
INSERT INTO users(active, banned_users, birthdate, current_song, description, email, gender, name, password, photo, pronouns, social_battery) 
	VALUE(true, null, '2005-05-15 00:00:00.000000', '1', '1', 'test35@gmail.com', 'FEMENINO', '35', '$2a$10$wx7wlaU/hzADhijCBFjKzuS9tZLUXo7m9TOx5z7ZnQXbLjuTGPCJ2', '1', 'El', 'AVAILABLE');
INSERT INTO users(active, banned_users, birthdate, current_song, description, email, gender, name, password, photo, pronouns, social_battery) 
	VALUE(true, null, '1995-05-15 00:00:00.000000', '1', '1', 'test36@gmail.com', 'FEMENINO', '36', '$2a$10$wx7wlaU/hzADhijCBFjKzuS9tZLUXo7m9TOx5z7ZnQXbLjuTGPCJ2', '1', 'El', 'AVAILABLE');
INSERT INTO users(active, banned_users, birthdate, current_song, description, email, gender, name, password, photo, pronouns, social_battery) 
	VALUE(true, null, '1985-05-15 00:00:00.000000', '1', '1', 'test37@gmail.com', 'FEMENINO', '37', '$2a$10$wx7wlaU/hzADhijCBFjKzuS9tZLUXo7m9TOx5z7ZnQXbLjuTGPCJ2', '1', 'El', 'AVAILABLE');
INSERT INTO users(active, banned_users, birthdate, current_song, description, email, gender, name, password, photo, pronouns, social_battery) 
	VALUE(true, null, '1975-05-15 00:00:00.000000', '1', '1', 'test38@gmail.com', 'FEMENINO', '38', '$2a$10$wx7wlaU/hzADhijCBFjKzuS9tZLUXo7m9TOx5z7ZnQXbLjuTGPCJ2', '1', 'El', 'AVAILABLE');
INSERT INTO users(active, banned_users, birthdate, current_song, description, email, gender, name, password, photo, pronouns, social_battery) 
	VALUE(true, null, '1965-05-15 00:00:00.000000', '1', '1', 'test39@gmail.com', 'FEMENINO', '39', '$2a$10$wx7wlaU/hzADhijCBFjKzuS9tZLUXo7m9TOx5z7ZnQXbLjuTGPCJ2', '1', 'El', 'AVAILABLE');

#FEM VARÍAN EN EDAD. LTR.
INSERT INTO users(active, banned_users, birthdate, current_song, description, email, gender, name, password, photo, pronouns, social_battery) 
	VALUE(true, null, '2005-05-15 00:00:00.000000', '1', '1', 'test40@gmail.com', 'FEMENINO', '40', '$2a$10$wx7wlaU/hzADhijCBFjKzuS9tZLUXo7m9TOx5z7ZnQXbLjuTGPCJ2', '1', 'El', 'AVAILABLE');
INSERT INTO users(active, banned_users, birthdate, current_song, description, email, gender, name, password, photo, pronouns, social_battery) 
	VALUE(true, null, '1995-05-15 00:00:00.000000', '1', '1', 'test41@gmail.com', 'FEMENINO', '41', '$2a$10$wx7wlaU/hzADhijCBFjKzuS9tZLUXo7m9TOx5z7ZnQXbLjuTGPCJ2', '1', 'El', 'AVAILABLE');
INSERT INTO users(active, banned_users, birthdate, current_song, description, email, gender, name, password, photo, pronouns, social_battery) 
	VALUE(true, null, '1985-05-15 00:00:00.000000', '1', '1', 'test42@gmail.com', 'FEMENINO', '42', '$2a$10$wx7wlaU/hzADhijCBFjKzuS9tZLUXo7m9TOx5z7ZnQXbLjuTGPCJ2', '1', 'El', 'AVAILABLE');
INSERT INTO users(active, banned_users, birthdate, current_song, description, email, gender, name, password, photo, pronouns, social_battery) 
	VALUE(true, null, '1975-05-15 00:00:00.000000', '1', '1', 'test43@gmail.com', 'FEMENINO', '43', '$2a$10$wx7wlaU/hzADhijCBFjKzuS9tZLUXo7m9TOx5z7ZnQXbLjuTGPCJ2', '1', 'El', 'AVAILABLE');
INSERT INTO users(active, banned_users, birthdate, current_song, description, email, gender, name, password, photo, pronouns, social_battery) 
	VALUE(true, null, '1965-05-15 00:00:00.000000', '1', '1', 'test44@gmail.com', 'FEMENINO', '44', '$2a$10$wx7wlaU/hzADhijCBFjKzuS9tZLUXo7m9TOx5z7ZnQXbLjuTGPCJ2', '1', 'El', 'AVAILABLE');

#FEM CASO NEGATIVO.
INSERT INTO users(active, banned_users, birthdate, current_song, description, email, gender, name, password, photo, pronouns, social_battery) 
	VALUE(true, null, '1990-05-15 00:00:00.000000', '1', '1', 'test45@gmail.com', 'FEMENINO', '45', '$2a$10$wx7wlaU/hzADhijCBFjKzuS9tZLUXo7m9TOx5z7ZnQXbLjuTGPCJ2', '1', 'El', 'AVAILABLE');
INSERT INTO users(active, banned_users, birthdate, current_song, description, email, gender, name, password, photo, pronouns, social_battery) 
	VALUE(true, null, '1990-05-15 00:00:00.000000', '1', '1', 'test46@gmail.com', 'FEMENINO', '46', '$2a$10$wx7wlaU/hzADhijCBFjKzuS9tZLUXo7m9TOx5z7ZnQXbLjuTGPCJ2', '1', 'El', 'AVAILABLE');
INSERT INTO users(active, banned_users, birthdate, current_song, description, email, gender, name, password, photo, pronouns, social_battery) 
	VALUE(true, null, '1990-05-15 00:00:00.000000', '1', '1', 'test47@gmail.com', 'FEMENINO', '47', '$2a$10$wx7wlaU/hzADhijCBFjKzuS9tZLUXo7m9TOx5z7ZnQXbLjuTGPCJ2', '1', 'El', 'AVAILABLE');

#OTRX VARÍAN EN EDAD
INSERT INTO users(active, banned_users, birthdate, current_song, description, email, gender, name, password, photo, pronouns, social_battery) 
	VALUE(true, null, '2005-05-15 00:00:00.000000', '1', '1', 'test48@gmail.com', 'OTRX', '48', '$2a$10$wx7wlaU/hzADhijCBFjKzuS9tZLUXo7m9TOx5z7ZnQXbLjuTGPCJ2', '1', 'El', 'AVAILABLE');
INSERT INTO users(active, banned_users, birthdate, current_song, description, email, gender, name, password, photo, pronouns, social_battery) 
	VALUE(true, null, '1995-05-15 00:00:00.000000', '1', '1', 'test26@gmail.com', 'OTRX', '49', '$2a$10$wx7wlaU/hzADhijCBFjKzuS9tZLUXo7m9TOx5z7ZnQXbLjuTGPCJ2', '1', 'El', 'AVAILABLE');
INSERT INTO users(active, banned_users, birthdate, current_song, description, email, gender, name, password, photo, pronouns, social_battery) 
	VALUE(true, null, '1985-05-15 00:00:00.000000', '1', '1', 'test27@gmail.com', 'OTRX', '50', '$2a$10$wx7wlaU/hzADhijCBFjKzuS9tZLUXo7m9TOx5z7ZnQXbLjuTGPCJ2', '1', 'El', 'AVAILABLE');
INSERT INTO users(active, banned_users, birthdate, current_song, description, email, gender, name, password, photo, pronouns, social_battery) 
	VALUE(true, null, '1975-05-15 00:00:00.000000', '1', '1', 'test28@gmail.com', 'OTRX', '51', '$2a$10$wx7wlaU/hzADhijCBFjKzuS9tZLUXo7m9TOx5z7ZnQXbLjuTGPCJ2', '1', 'El', 'AVAILABLE');
INSERT INTO users(active, banned_users, birthdate, current_song, description, email, gender, name, password, photo, pronouns, social_battery) 
	VALUE(true, null, '1965-05-15 00:00:00.000000', '1', '1', 'test29@gmail.com', 'OTRX', '52', '$2a$10$wx7wlaU/hzADhijCBFjKzuS9tZLUXo7m9TOx5z7ZnQXbLjuTGPCJ2', '1', 'El', 'AVAILABLE');

#OTRX VARÍAN EN EDAD. RIGHT NOW.
INSERT INTO users(active, banned_users, birthdate, current_song, description, email, gender, name, password, photo, pronouns, social_battery) 
	VALUE(true, null, '2005-05-15 00:00:00.000000', '1', '1', 'test30@gmail.com', 'OTRX', '53', '$2a$10$wx7wlaU/hzADhijCBFjKzuS9tZLUXo7m9TOx5z7ZnQXbLjuTGPCJ2', '1', 'El', 'AVAILABLE');
INSERT INTO users(active, banned_users, birthdate, current_song, description, email, gender, name, password, photo, pronouns, social_battery) 
	VALUE(true, null, '1995-05-15 00:00:00.000000', '1', '1', 'test31@gmail.com', 'OTRX', '54', '$2a$10$wx7wlaU/hzADhijCBFjKzuS9tZLUXo7m9TOx5z7ZnQXbLjuTGPCJ2', '1', 'El', 'AVAILABLE');
INSERT INTO users(active, banned_users, birthdate, current_song, description, email, gender, name, password, photo, pronouns, social_battery) 
	VALUE(true, null, '1985-05-15 00:00:00.000000', '1', '1', 'test32@gmail.com', 'OTRX', '55', '$2a$10$wx7wlaU/hzADhijCBFjKzuS9tZLUXo7m9TOx5z7ZnQXbLjuTGPCJ2', '1', 'El', 'AVAILABLE');
INSERT INTO users(active, banned_users, birthdate, current_song, description, email, gender, name, password, photo, pronouns, social_battery) 
	VALUE(true, null, '1975-05-15 00:00:00.000000', '1', '1', 'test33@gmail.com', 'OTRX', '56', '$2a$10$wx7wlaU/hzADhijCBFjKzuS9tZLUXo7m9TOx5z7ZnQXbLjuTGPCJ2', '1', 'El', 'AVAILABLE');
INSERT INTO users(active, banned_users, birthdate, current_song, description, email, gender, name, password, photo, pronouns, social_battery) 
	VALUE(true, null, '1965-05-15 00:00:00.000000', '1', '1', 'test34@gmail.com', 'OTRX', '57', '$2a$10$wx7wlaU/hzADhijCBFjKzuS9tZLUXo7m9TOx5z7ZnQXbLjuTGPCJ2', '1', 'El', 'AVAILABLE');

#OTRX VARÍAN EN EDAD. JUST FRIENDS.
INSERT INTO users(active, banned_users, birthdate, current_song, description, email, gender, name, password, photo, pronouns, social_battery) 
	VALUE(true, null, '2005-05-15 00:00:00.000000', '1', '1', 'test35@gmail.com', 'OTRX', '58', '$2a$10$wx7wlaU/hzADhijCBFjKzuS9tZLUXo7m9TOx5z7ZnQXbLjuTGPCJ2', '1', 'El', 'AVAILABLE');
INSERT INTO users(active, banned_users, birthdate, current_song, description, email, gender, name, password, photo, pronouns, social_battery) 
	VALUE(true, null, '1995-05-15 00:00:00.000000', '1', '1', 'test36@gmail.com', 'OTRX', '59', '$2a$10$wx7wlaU/hzADhijCBFjKzuS9tZLUXo7m9TOx5z7ZnQXbLjuTGPCJ2', '1', 'El', 'AVAILABLE');
INSERT INTO users(active, banned_users, birthdate, current_song, description, email, gender, name, password, photo, pronouns, social_battery) 
	VALUE(true, null, '1985-05-15 00:00:00.000000', '1', '1', 'test37@gmail.com', 'OTRX', '60', '$2a$10$wx7wlaU/hzADhijCBFjKzuS9tZLUXo7m9TOx5z7ZnQXbLjuTGPCJ2', '1', 'El', 'AVAILABLE');
INSERT INTO users(active, banned_users, birthdate, current_song, description, email, gender, name, password, photo, pronouns, social_battery) 
	VALUE(true, null, '1975-05-15 00:00:00.000000', '1', '1', 'test38@gmail.com', 'OTRX', '61', '$2a$10$wx7wlaU/hzADhijCBFjKzuS9tZLUXo7m9TOx5z7ZnQXbLjuTGPCJ2', '1', 'El', 'AVAILABLE');
INSERT INTO users(active, banned_users, birthdate, current_song, description, email, gender, name, password, photo, pronouns, social_battery) 
	VALUE(true, null, '1965-05-15 00:00:00.000000', '1', '1', 'test39@gmail.com', 'OTRX', '62', '$2a$10$wx7wlaU/hzADhijCBFjKzuS9tZLUXo7m9TOx5z7ZnQXbLjuTGPCJ2', '1', 'El', 'AVAILABLE');

#OTRX VARÍAN EN EDAD. LTR.
INSERT INTO users(active, banned_users, birthdate, current_song, description, email, gender, name, password, photo, pronouns, social_battery) 
	VALUE(true, null, '2005-05-15 00:00:00.000000', '1', '1', 'test40@gmail.com', 'OTRX', '63', '$2a$10$wx7wlaU/hzADhijCBFjKzuS9tZLUXo7m9TOx5z7ZnQXbLjuTGPCJ2', '1', 'El', 'AVAILABLE');
INSERT INTO users(active, banned_users, birthdate, current_song, description, email, gender, name, password, photo, pronouns, social_battery) 
	VALUE(true, null, '1995-05-15 00:00:00.000000', '1', '1', 'test41@gmail.com', 'OTRX', '64', '$2a$10$wx7wlaU/hzADhijCBFjKzuS9tZLUXo7m9TOx5z7ZnQXbLjuTGPCJ2', '1', 'El', 'AVAILABLE');
INSERT INTO users(active, banned_users, birthdate, current_song, description, email, gender, name, password, photo, pronouns, social_battery) 
	VALUE(true, null, '1985-05-15 00:00:00.000000', '1', '1', 'test42@gmail.com', 'OTRX', '65', '$2a$10$wx7wlaU/hzADhijCBFjKzuS9tZLUXo7m9TOx5z7ZnQXbLjuTGPCJ2', '1', 'El', 'AVAILABLE');
INSERT INTO users(active, banned_users, birthdate, current_song, description, email, gender, name, password, photo, pronouns, social_battery) 
	VALUE(true, null, '1975-05-15 00:00:00.000000', '1', '1', 'test43@gmail.com', 'OTRX', '66', '$2a$10$wx7wlaU/hzADhijCBFjKzuS9tZLUXo7m9TOx5z7ZnQXbLjuTGPCJ2', '1', 'El', 'AVAILABLE');
INSERT INTO users(active, banned_users, birthdate, current_song, description, email, gender, name, password, photo, pronouns, social_battery) 
	VALUE(true, null, '1965-05-15 00:00:00.000000', '1', '1', 'test44@gmail.com', 'OTRX', '67', '$2a$10$wx7wlaU/hzADhijCBFjKzuS9tZLUXo7m9TOx5z7ZnQXbLjuTGPCJ2', '1', 'El', 'AVAILABLE');

#OTRX CASO NEGATIVO.
INSERT INTO users(active, banned_users, birthdate, current_song, description, email, gender, name, password, photo, pronouns, social_battery) 
	VALUE(true, null, '1990-05-15 00:00:00.000000', '1', '1', 'test45@gmail.com', 'OTRX', '68', '$2a$10$wx7wlaU/hzADhijCBFjKzuS9tZLUXo7m9TOx5z7ZnQXbLjuTGPCJ2', '1', 'El', 'AVAILABLE');
INSERT INTO users(active, banned_users, birthdate, current_song, description, email, gender, name, password, photo, pronouns, social_battery) 
	VALUE(true, null, '1990-05-15 00:00:00.000000', '1', '1', 'test46@gmail.com', 'OTRX', '69', '$2a$10$wx7wlaU/hzADhijCBFjKzuS9tZLUXo7m9TOx5z7ZnQXbLjuTGPCJ2', '1', 'El', 'AVAILABLE');
INSERT INTO users(active, banned_users, birthdate, current_song, description, email, gender, name, password, photo, pronouns, social_battery) 
	VALUE(true, null, '1990-05-15 00:00:00.000000', '1', '1', 'test47@gmail.com', 'OTRX', '70', '$2a$10$wx7wlaU/hzADhijCBFjKzuS9tZLUXo7m9TOx5z7ZnQXbLjuTGPCJ2', '1', 'El', 'AVAILABLE');

#CASO DESACTIVADO!!
INSERT INTO users(active, banned_users, birthdate, current_song, description, email, gender, name, password, photo, pronouns, social_battery) 
	VALUE(false, null, '1990-05-15 00:00:00.000000', '1', '1', 'test01@gmail.com', 'MASCULINO', '71', '$2a$10$wx7wlaU/hzADhijCBFjKzuS9tZLUXo7m9TOx5z7ZnQXbLjuTGPCJ2', '1', 'El', 'AVAILABLE');




# USERS_ARTISTS 1
INSERT INTO users_artists(user_user_id, artists_artist_id) VALUE(1, '0wn2qDKzeFlhjRUtJAwJjd');
INSERT INTO users_artists(user_user_id, artists_artist_id) VALUE(1, '0wn2qDKzeFlhjRUtJAwJjl');
INSERT INTO users_artists(user_user_id, artists_artist_id) VALUE(1, '0wn2qDKzeFlhjRUtJAwJju');
INSERT INTO users_artists(user_user_id, artists_artist_id) VALUE(1, '0wn2qDKzeFlhjRUtJAwJjv');
INSERT INTO users_artists(user_user_id, artists_artist_id) VALUE(1, '0wn2qDKzeFlhjRUtJAwJha');

# USERS_ARTISTS 2
INSERT INTO users_artists(user_user_id, artists_artist_id) VALUE(2, '0wn2qDKzeFlhjRUtJAwJjd');
INSERT INTO users_artists(user_user_id, artists_artist_id) VALUE(2, '0wn2qDKzeFlhjRUtJAwJjl');
INSERT INTO users_artists(user_user_id, artists_artist_id) VALUE(2, '0wn2qDKzeFlhjRUtJAwJju');
INSERT INTO users_artists(user_user_id, artists_artist_id) VALUE(2, '0wn2qDKzeFlhjRUtJAwJjv');
INSERT INTO users_artists(user_user_id, artists_artist_id) VALUE(2, '0wn2qDKzeFlhjRUtJAwJha');

# USERS_ARTISTS 3
INSERT INTO users_artists(user_user_id, artists_artist_id) VALUE(3, '0wn2qDKzeFlhjRUtJAwJjd');
INSERT INTO users_artists(user_user_id, artists_artist_id) VALUE(3, '0wn2qDKzeFlhjRUtJAwJjl');
INSERT INTO users_artists(user_user_id, artists_artist_id) VALUE(3, '0wn2qDKzeFlhjRUtJAwJju');
INSERT INTO users_artists(user_user_id, artists_artist_id) VALUE(3, '0wn2qDKzeFlhjRUtJAwJjv');
INSERT INTO users_artists(user_user_id, artists_artist_id) VALUE(3, '0wn2qDKzeFlhjRUtJAwJha');

# USERS_ARTISTS 4
INSERT INTO users_artists(user_user_id, artists_artist_id) VALUE(4, '0wn2qDKzeFlhjRUtJAwJjd');
INSERT INTO users_artists(user_user_id, artists_artist_id) VALUE(4, '0wn2qDKzeFlhjRUtJAwJjl');
INSERT INTO users_artists(user_user_id, artists_artist_id) VALUE(4, '0wn2qDKzeFlhjRUtJAwJju');
INSERT INTO users_artists(user_user_id, artists_artist_id) VALUE(4, '0wn2qDKzeFlhjRUtJAwJjv');
INSERT INTO users_artists(user_user_id, artists_artist_id) VALUE(4, '0wn2qDKzeFlhjRUtJAwJha');

# USERS_ARTISTS 5
INSERT INTO users_artists(user_user_id, artists_artist_id) VALUE(5, '0wn2qDKzeFlhjRUtJAwJjd');
INSERT INTO users_artists(user_user_id, artists_artist_id) VALUE(5, '0wn2qDKzeFlhjRUtJAwJjl');
INSERT INTO users_artists(user_user_id, artists_artist_id) VALUE(5, '0wn2qDKzeFlhjRUtJAwJju');
INSERT INTO users_artists(user_user_id, artists_artist_id) VALUE(5, '0wn2qDKzeFlhjRUtJAwJjv');
INSERT INTO users_artists(user_user_id, artists_artist_id) VALUE(5, '0wn2qDKzeFlhjRUtJAwJha');

# USERS_ARTISTS 6
INSERT INTO users_artists(user_user_id, artists_artist_id) VALUE(6, '0wn2qDKzeFlhjRUtJAwJjd');
INSERT INTO users_artists(user_user_id, artists_artist_id) VALUE(6, '0wn2qDKzeFlhjRUtJAwJjl');
INSERT INTO users_artists(user_user_id, artists_artist_id) VALUE(6, '0wn2qDKzeFlhjRUtJAwJju');
INSERT INTO users_artists(user_user_id, artists_artist_id) VALUE(6, '0wn2qDKzeFlhjRUtJAwJjv');
INSERT INTO users_artists(user_user_id, artists_artist_id) VALUE(6, '0wn2qDKzeFlhjRUtJAwJha');

# USERS_ARTISTS 7
INSERT INTO users_artists(user_user_id, artists_artist_id) VALUE(7, '0wn2qDKzeFlhjRUtJAwJjd');
INSERT INTO users_artists(user_user_id, artists_artist_id) VALUE(7, '0wn2qDKzeFlhjRUtJAwJjl');
INSERT INTO users_artists(user_user_id, artists_artist_id) VALUE(7, '0wn2qDKzeFlhjRUtJAwJju');
INSERT INTO users_artists(user_user_id, artists_artist_id) VALUE(7, '0wn2qDKzeFlhjRUtJAwJjv');
INSERT INTO users_artists(user_user_id, artists_artist_id) VALUE(7, '0wn2qDKzeFlhjRUtJAwJha');

# USERS_ARTISTS 8
INSERT INTO users_artists(user_user_id, artists_artist_id) VALUE(8, '0wn2qDKzeFlhjRUtJAwJjd');
INSERT INTO users_artists(user_user_id, artists_artist_id) VALUE(8, '0wn2qDKzeFlhjRUtJAwJjl');
INSERT INTO users_artists(user_user_id, artists_artist_id) VALUE(8, '0wn2qDKzeFlhjRUtJAwJju');
INSERT INTO users_artists(user_user_id, artists_artist_id) VALUE(8, '0wn2qDKzeFlhjRUtJAwJjv');
INSERT INTO users_artists(user_user_id, artists_artist_id) VALUE(8, '0wn2qDKzeFlhjRUtJAwJha');

# USERS_ARTISTS 9
INSERT INTO users_artists(user_user_id, artists_artist_id) VALUE(9, '0wn2qDKzeFlhjRUtJAwJjd');
INSERT INTO users_artists(user_user_id, artists_artist_id) VALUE(9, '0wn2qDKzeFlhjRUtJAwJjl');
INSERT INTO users_artists(user_user_id, artists_artist_id) VALUE(9, '0wn2qDKzeFlhjRUtJAwJju');
INSERT INTO users_artists(user_user_id, artists_artist_id) VALUE(9, '0wn2qDKzeFlhjRUtJAwJjv');
INSERT INTO users_artists(user_user_id, artists_artist_id) VALUE(9, '0wn2qDKzeFlhjRUtJAwJha');

# USERS_ARTISTS 10
INSERT INTO users_artists(user_user_id, artists_artist_id) VALUE(10, '0wn2qDKzeFlhjRUtJAwJjd');
INSERT INTO users_artists(user_user_id, artists_artist_id) VALUE(10, '0wn2qDKzeFlhjRUtJAwJjl');
INSERT INTO users_artists(user_user_id, artists_artist_id) VALUE(10, '0wn2qDKzeFlhjRUtJAwJju');
INSERT INTO users_artists(user_user_id, artists_artist_id) VALUE(10, '0wn2qDKzeFlhjRUtJAwJjv');
INSERT INTO users_artists(user_user_id, artists_artist_id) VALUE(10, '0wn2qDKzeFlhjRUtJAwJha');

# USERS_ARTISTS 11
INSERT INTO users_artists(user_user_id, artists_artist_id) VALUE(11, '0wn2qDKzeFlhjRUtJAwJjd');
INSERT INTO users_artists(user_user_id, artists_artist_id) VALUE(11, '0wn2qDKzeFlhjRUtJAwJjl');
INSERT INTO users_artists(user_user_id, artists_artist_id) VALUE(11, '0wn2qDKzeFlhjRUtJAwJju');
INSERT INTO users_artists(user_user_id, artists_artist_id) VALUE(11, '0wn2qDKzeFlhjRUtJAwJjv');
INSERT INTO users_artists(user_user_id, artists_artist_id) VALUE(11, '0wn2qDKzeFlhjRUtJAwJha');

# USERS_ARTISTS 12
INSERT INTO users_artists(user_user_id, artists_artist_id) VALUE(12, '0wn2qDKzeFlhjRUtJAwJjd');
INSERT INTO users_artists(user_user_id, artists_artist_id) VALUE(12, '0wn2qDKzeFlhjRUtJAwJjl');
INSERT INTO users_artists(user_user_id, artists_artist_id) VALUE(12, '0wn2qDKzeFlhjRUtJAwJju');
INSERT INTO users_artists(user_user_id, artists_artist_id) VALUE(12, '0wn2qDKzeFlhjRUtJAwJjv');
INSERT INTO users_artists(user_user_id, artists_artist_id) VALUE(12, '0wn2qDKzeFlhjRUtJAwJha');

# USERS_ARTISTS 13
INSERT INTO users_artists(user_user_id, artists_artist_id) VALUE(13, '0wn2qDKzeFlhjRUtJAwJjd');
INSERT INTO users_artists(user_user_id, artists_artist_id) VALUE(13, '0wn2qDKzeFlhjRUtJAwJjl');
INSERT INTO users_artists(user_user_id, artists_artist_id) VALUE(13, '0wn2qDKzeFlhjRUtJAwJju');
INSERT INTO users_artists(user_user_id, artists_artist_id) VALUE(13, '0wn2qDKzeFlhjRUtJAwJjv');
INSERT INTO users_artists(user_user_id, artists_artist_id) VALUE(13, '0wn2qDKzeFlhjRUtJAwJha');

# USERS_ARTISTS 14
INSERT INTO users_artists(user_user_id, artists_artist_id) VALUE(14, '0wn2qDKzeFlhjRUtJAwJjd');
INSERT INTO users_artists(user_user_id, artists_artist_id) VALUE(14, '0wn2qDKzeFlhjRUtJAwJjl');
INSERT INTO users_artists(user_user_id, artists_artist_id) VALUE(14, '0wn2qDKzeFlhjRUtJAwJju');
INSERT INTO users_artists(user_user_id, artists_artist_id) VALUE(14, '0wn2qDKzeFlhjRUtJAwJjv');
INSERT INTO users_artists(user_user_id, artists_artist_id) VALUE(14, '0wn2qDKzeFlhjRUtJAwJha');

# USERS_ARTISTS 15
INSERT INTO users_artists(user_user_id, artists_artist_id) VALUE(15, '0wn2qDKzeFlhjRUtJAwJjd');
INSERT INTO users_artists(user_user_id, artists_artist_id) VALUE(15, '0wn2qDKzeFlhjRUtJAwJjl');
INSERT INTO users_artists(user_user_id, artists_artist_id) VALUE(15, '0wn2qDKzeFlhjRUtJAwJju');
INSERT INTO users_artists(user_user_id, artists_artist_id) VALUE(15, '0wn2qDKzeFlhjRUtJAwJjv');
INSERT INTO users_artists(user_user_id, artists_artist_id) VALUE(15, '0wn2qDKzeFlhjRUtJAwJha');

# USERS_ARTISTS 16
INSERT INTO users_artists(user_user_id, artists_artist_id) VALUE(16, '0wn2qDKzeFlhjRUtJAwJjd');
INSERT INTO users_artists(user_user_id, artists_artist_id) VALUE(16, '0wn2qDKzeFlhjRUtJAwJjl');
INSERT INTO users_artists(user_user_id, artists_artist_id) VALUE(16, '0wn2qDKzeFlhjRUtJAwJju');
INSERT INTO users_artists(user_user_id, artists_artist_id) VALUE(16, '0wn2qDKzeFlhjRUtJAwJjv');
INSERT INTO users_artists(user_user_id, artists_artist_id) VALUE(16, '0wn2qDKzeFlhjRUtJAwJha');

# USERS_ARTISTS 17
INSERT INTO users_artists(user_user_id, artists_artist_id) VALUE(17, '0wn2qDKzeFlhjRUtJAwJjd');
INSERT INTO users_artists(user_user_id, artists_artist_id) VALUE(17, '0wn2qDKzeFlhjRUtJAwJjl');
INSERT INTO users_artists(user_user_id, artists_artist_id) VALUE(17, '0wn2qDKzeFlhjRUtJAwJju');
INSERT INTO users_artists(user_user_id, artists_artist_id) VALUE(17, '0wn2qDKzeFlhjRUtJAwJjv');
INSERT INTO users_artists(user_user_id, artists_artist_id) VALUE(17, '0wn2qDKzeFlhjRUtJAwJha');

# USERS_ARTISTS 18
INSERT INTO users_artists(user_user_id, artists_artist_id) VALUE(18, '0wn2qDKzeFlhjRUtJAwJjd');
INSERT INTO users_artists(user_user_id, artists_artist_id) VALUE(18, '0wn2qDKzeFlhjRUtJAwJjl');
INSERT INTO users_artists(user_user_id, artists_artist_id) VALUE(18, '0wn2qDKzeFlhjRUtJAwJju');
INSERT INTO users_artists(user_user_id, artists_artist_id) VALUE(18, '0wn2qDKzeFlhjRUtJAwJjv');
INSERT INTO users_artists(user_user_id, artists_artist_id) VALUE(18, '0wn2qDKzeFlhjRUtJAwJha');

# USERS_ARTISTS 19
INSERT INTO users_artists(user_user_id, artists_artist_id) VALUE(19, '0wn2qDKzeFlhjRUtJAwJjd');
INSERT INTO users_artists(user_user_id, artists_artist_id) VALUE(19, '0wn2qDKzeFlhjRUtJAwJjl');
INSERT INTO users_artists(user_user_id, artists_artist_id) VALUE(19, '0wn2qDKzeFlhjRUtJAwJju');
INSERT INTO users_artists(user_user_id, artists_artist_id) VALUE(19, '0wn2qDKzeFlhjRUtJAwJjv');
INSERT INTO users_artists(user_user_id, artists_artist_id) VALUE(19, '0wn2qDKzeFlhjRUtJAwJha');

# USERS_ARTISTS 20
INSERT INTO users_artists(user_user_id, artists_artist_id) VALUE(20, '0wn2qDKzeFlhjRUtJAwJjd');
INSERT INTO users_artists(user_user_id, artists_artist_id) VALUE(20, '0wn2qDKzeFlhjRUtJAwJjl');
INSERT INTO users_artists(user_user_id, artists_artist_id) VALUE(20, '0wn2qDKzeFlhjRUtJAwJju');
INSERT INTO users_artists(user_user_id, artists_artist_id) VALUE(20, '0wn2qDKzeFlhjRUtJAwJjv');
INSERT INTO users_artists(user_user_id, artists_artist_id) VALUE(20, '0wn2qDKzeFlhjRUtJAwJha');

# USERS_ARTISTS 21
INSERT INTO users_artists(user_user_id, artists_artist_id) VALUE(21, '0wn2qDKzeFlhjRUtJAwJjd');
INSERT INTO users_artists(user_user_id, artists_artist_id) VALUE(21, '0wn2qDKzeFlhjRUtJAwJjl');
INSERT INTO users_artists(user_user_id, artists_artist_id) VALUE(21, '0wn2qDKzeFlhjRUtJAwJju');
INSERT INTO users_artists(user_user_id, artists_artist_id) VALUE(21, '0wn2qDKzeFlhjRUtJAwJjv');
INSERT INTO users_artists(user_user_id, artists_artist_id) VALUE(21, '0wn2qDKzeFlhjRUtJAwJha');

# USERS_ARTISTS 22
INSERT INTO users_artists(user_user_id, artists_artist_id) VALUE(22, '0wn2qDKzeFlhjRUtJAwJjd');
INSERT INTO users_artists(user_user_id, artists_artist_id) VALUE(22, '0wn2qDKzeFlhjRUtJAwJjl');
INSERT INTO users_artists(user_user_id, artists_artist_id) VALUE(22, '0wn2qDKzeFlhjRUtJAwJju');
INSERT INTO users_artists(user_user_id, artists_artist_id) VALUE(22, '0wn2qDKzeFlhjRUtJAwJjv');
INSERT INTO users_artists(user_user_id, artists_artist_id) VALUE(22, '0wn2qDKzeFlhjRUtJAwJha');

# USERS_ARTISTS 23
INSERT INTO users_artists(user_user_id, artists_artist_id) VALUE(23, '0wn2qDKzeFlhjRUtJAwJjd');
INSERT INTO users_artists(user_user_id, artists_artist_id) VALUE(23, '0wn2qDKzeFlhjRUtJAwJjl');
INSERT INTO users_artists(user_user_id, artists_artist_id) VALUE(23, '0wn2qDKzeFlhjRUtJAwJju');
INSERT INTO users_artists(user_user_id, artists_artist_id) VALUE(23, '0wn2qDKzeFlhjRUtJAwJjv');
INSERT INTO users_artists(user_user_id, artists_artist_id) VALUE(23, '0wn2qDKzeFlhjRUtJAwJha');

# USERS_ARTISTS 24
INSERT INTO users_artists(user_user_id, artists_artist_id) VALUE(24, '0wn2qDKzeFlhjRUtJAwJjd');
INSERT INTO users_artists(user_user_id, artists_artist_id) VALUE(24, '0wn2qDKzeFlhjRUtJAwJjl');
INSERT INTO users_artists(user_user_id, artists_artist_id) VALUE(24, '0wn2qDKzeFlhjRUtJAwJju');
INSERT INTO users_artists(user_user_id, artists_artist_id) VALUE(24, '0wn2qDKzeFlhjRUtJAwJjv');
INSERT INTO users_artists(user_user_id, artists_artist_id) VALUE(24, '0wn2qDKzeFlhjRUtJAwJha');

# USERS_ARTISTS 25
INSERT INTO users_artists(user_user_id, artists_artist_id) VALUE(25, '0wn2qDKzeFlhjRUtJAwJjd');
INSERT INTO users_artists(user_user_id, artists_artist_id) VALUE(25, '0wn2qDKzeFlhjRUtJAwJjl');
INSERT INTO users_artists(user_user_id, artists_artist_id) VALUE(25, '0wn2qDKzeFlhjRUtJAwJju');
INSERT INTO users_artists(user_user_id, artists_artist_id) VALUE(25, '0wn2qDKzeFlhjRUtJAwJjv');
INSERT INTO users_artists(user_user_id, artists_artist_id) VALUE(25, '0wn2qDKzeFlhjRUtJAwJha');

# USERS_ARTISTS 26
INSERT INTO users_artists(user_user_id, artists_artist_id) VALUE(26, '0wn2qDKzeFlhjRUtJAwJjd');
INSERT INTO users_artists(user_user_id, artists_artist_id) VALUE(26, '0wn2qDKzeFlhjRUtJAwJjl');
INSERT INTO users_artists(user_user_id, artists_artist_id) VALUE(26, '0wn2qDKzeFlhjRUtJAwJju');
INSERT INTO users_artists(user_user_id, artists_artist_id) VALUE(26, '0wn2qDKzeFlhjRUtJAwJjv');
INSERT INTO users_artists(user_user_id, artists_artist_id) VALUE(26, '0wn2qDKzeFlhjRUtJAwJha');

# USERS_ARTISTS 27
INSERT INTO users_artists(user_user_id, artists_artist_id) VALUE(27, '0wn2qDKzeFlhjRUtJAwJjd');
INSERT INTO users_artists(user_user_id, artists_artist_id) VALUE(27, '0wn2qDKzeFlhjRUtJAwJjl');
INSERT INTO users_artists(user_user_id, artists_artist_id) VALUE(27, '0wn2qDKzeFlhjRUtJAwJju');
INSERT INTO users_artists(user_user_id, artists_artist_id) VALUE(27, '0wn2qDKzeFlhjRUtJAwJjv');
INSERT INTO users_artists(user_user_id, artists_artist_id) VALUE(27, '0wn2qDKzeFlhjRUtJAwJha');

# USERS_ARTISTS 28
INSERT INTO users_artists(user_user_id, artists_artist_id) VALUE(28, '0wn2qDKzeFlhjRUtJAwJjd');
INSERT INTO users_artists(user_user_id, artists_artist_id) VALUE(28, '0wn2qDKzeFlhjRUtJAwJjl');
INSERT INTO users_artists(user_user_id, artists_artist_id) VALUE(28, '0wn2qDKzeFlhjRUtJAwJju');
INSERT INTO users_artists(user_user_id, artists_artist_id) VALUE(28, '0wn2qDKzeFlhjRUtJAwJjv');
INSERT INTO users_artists(user_user_id, artists_artist_id) VALUE(28, '0wn2qDKzeFlhjRUtJAwJha');

# USERS_ARTISTS 29
INSERT INTO users_artists(user_user_id, artists_artist_id) VALUE(29, '0wn2qDKzeFlhjRUtJAwJjd');
INSERT INTO users_artists(user_user_id, artists_artist_id) VALUE(29, '0wn2qDKzeFlhjRUtJAwJjl');
INSERT INTO users_artists(user_user_id, artists_artist_id) VALUE(29, '0wn2qDKzeFlhjRUtJAwJju');
INSERT INTO users_artists(user_user_id, artists_artist_id) VALUE(29, '0wn2qDKzeFlhjRUtJAwJjv');
INSERT INTO users_artists(user_user_id, artists_artist_id) VALUE(29, '0wn2qDKzeFlhjRUtJAwJha');

# USERS_ARTISTS 30
INSERT INTO users_artists(user_user_id, artists_artist_id) VALUE(30, '0wn2qDKzeFlhjRUtJAwJjd');
INSERT INTO users_artists(user_user_id, artists_artist_id) VALUE(30, '0wn2qDKzeFlhjRUtJAwJjl');
INSERT INTO users_artists(user_user_id, artists_artist_id) VALUE(30, '0wn2qDKzeFlhjRUtJAwJju');
INSERT INTO users_artists(user_user_id, artists_artist_id) VALUE(30, '0wn2qDKzeFlhjRUtJAwJjv');
INSERT INTO users_artists(user_user_id, artists_artist_id) VALUE(30, '0wn2qDKzeFlhjRUtJAwJha');

# USERS_ARTISTS 31
INSERT INTO users_artists(user_user_id, artists_artist_id) VALUE(31, '0wn2qDKzeFlhjRUtJAwJjd');
INSERT INTO users_artists(user_user_id, artists_artist_id) VALUE(31, '0wn2qDKzeFlhjRUtJAwJjl');
INSERT INTO users_artists(user_user_id, artists_artist_id) VALUE(31, '0wn2qDKzeFlhjRUtJAwJju');
INSERT INTO users_artists(user_user_id, artists_artist_id) VALUE(31, '0wn2qDKzeFlhjRUtJAwJjv');
INSERT INTO users_artists(user_user_id, artists_artist_id) VALUE(31, '0wn2qDKzeFlhjRUtJAwJha');

# USERS_ARTISTS 32
INSERT INTO users_artists(user_user_id, artists_artist_id) VALUE(32, '0wn2qDKzeFlhjRUtJAwJjd');
INSERT INTO users_artists(user_user_id, artists_artist_id) VALUE(32, '0wn2qDKzeFlhjRUtJAwJjl');
INSERT INTO users_artists(user_user_id, artists_artist_id) VALUE(32, '0wn2qDKzeFlhjRUtJAwJju');
INSERT INTO users_artists(user_user_id, artists_artist_id) VALUE(32, '0wn2qDKzeFlhjRUtJAwJjv');
INSERT INTO users_artists(user_user_id, artists_artist_id) VALUE(32, '0wn2qDKzeFlhjRUtJAwJha');

# USERS_ARTISTS 33
INSERT INTO users_artists(user_user_id, artists_artist_id) VALUE(33, '0wn2qDKzeFlhjRUtJAwJjd');
INSERT INTO users_artists(user_user_id, artists_artist_id) VALUE(33, '0wn2qDKzeFlhjRUtJAwJjl');
INSERT INTO users_artists(user_user_id, artists_artist_id) VALUE(33, '0wn2qDKzeFlhjRUtJAwJju');
INSERT INTO users_artists(user_user_id, artists_artist_id) VALUE(33, '0wn2qDKzeFlhjRUtJAwJjv');
INSERT INTO users_artists(user_user_id, artists_artist_id) VALUE(33, '0wn2qDKzeFlhjRUtJAwJha');

# USERS_ARTISTS 34
INSERT INTO users_artists(user_user_id, artists_artist_id) VALUE(34, '0wn2qDKzeFlhjRUtJAwJjd');
INSERT INTO users_artists(user_user_id, artists_artist_id) VALUE(34, '0wn2qDKzeFlhjRUtJAwJjl');
INSERT INTO users_artists(user_user_id, artists_artist_id) VALUE(34, '0wn2qDKzeFlhjRUtJAwJju');
INSERT INTO users_artists(user_user_id, artists_artist_id) VALUE(34, '0wn2qDKzeFlhjRUtJAwJjv');
INSERT INTO users_artists(user_user_id, artists_artist_id) VALUE(34, '0wn2qDKzeFlhjRUtJAwJha');

# USERS_ARTISTS 35
INSERT INTO users_artists(user_user_id, artists_artist_id) VALUE(35, '0wn2qDKzeFlhjRUtJAwJjd');
INSERT INTO users_artists(user_user_id, artists_artist_id) VALUE(35, '0wn2qDKzeFlhjRUtJAwJjl');
INSERT INTO users_artists(user_user_id, artists_artist_id) VALUE(35, '0wn2qDKzeFlhjRUtJAwJju');
INSERT INTO users_artists(user_user_id, artists_artist_id) VALUE(35, '0wn2qDKzeFlhjRUtJAwJjv');
INSERT INTO users_artists(user_user_id, artists_artist_id) VALUE(35, '0wn2qDKzeFlhjRUtJAwJha');

# USERS_ARTISTS 36
INSERT INTO users_artists(user_user_id, artists_artist_id) VALUE(36, '0wn2qDKzeFlhjRUtJAwJjd');
INSERT INTO users_artists(user_user_id, artists_artist_id) VALUE(36, '0wn2qDKzeFlhjRUtJAwJjl');
INSERT INTO users_artists(user_user_id, artists_artist_id) VALUE(36, '0wn2qDKzeFlhjRUtJAwJju');
INSERT INTO users_artists(user_user_id, artists_artist_id) VALUE(36, '0wn2qDKzeFlhjRUtJAwJjv');
INSERT INTO users_artists(user_user_id, artists_artist_id) VALUE(36, '0wn2qDKzeFlhjRUtJAwJha');

# USERS_ARTISTS 37
INSERT INTO users_artists(user_user_id, artists_artist_id) VALUE(37, '0wn2qDKzeFlhjRUtJAwJjd');
INSERT INTO users_artists(user_user_id, artists_artist_id) VALUE(37, '0wn2qDKzeFlhjRUtJAwJjl');
INSERT INTO users_artists(user_user_id, artists_artist_id) VALUE(37, '0wn2qDKzeFlhjRUtJAwJju');
INSERT INTO users_artists(user_user_id, artists_artist_id) VALUE(37, '0wn2qDKzeFlhjRUtJAwJjv');
INSERT INTO users_artists(user_user_id, artists_artist_id) VALUE(37, '0wn2qDKzeFlhjRUtJAwJha');

# USERS_ARTISTS 38
INSERT INTO users_artists(user_user_id, artists_artist_id) VALUE(38, '0wn2qDKzeFlhjRUtJAwJjd');
INSERT INTO users_artists(user_user_id, artists_artist_id) VALUE(38, '0wn2qDKzeFlhjRUtJAwJjl');
INSERT INTO users_artists(user_user_id, artists_artist_id) VALUE(38, '0wn2qDKzeFlhjRUtJAwJju');
INSERT INTO users_artists(user_user_id, artists_artist_id) VALUE(38, '0wn2qDKzeFlhjRUtJAwJjv');
INSERT INTO users_artists(user_user_id, artists_artist_id) VALUE(38, '0wn2qDKzeFlhjRUtJAwJha');

# USERS_ARTISTS 39
INSERT INTO users_artists(user_user_id, artists_artist_id) VALUE(39, '0wn2qDKzeFlhjRUtJAwJjd');
INSERT INTO users_artists(user_user_id, artists_artist_id) VALUE(39, '0wn2qDKzeFlhjRUtJAwJjl');
INSERT INTO users_artists(user_user_id, artists_artist_id) VALUE(39, '0wn2qDKzeFlhjRUtJAwJju');
INSERT INTO users_artists(user_user_id, artists_artist_id) VALUE(39, '0wn2qDKzeFlhjRUtJAwJjv');
INSERT INTO users_artists(user_user_id, artists_artist_id) VALUE(39, '0wn2qDKzeFlhjRUtJAwJha');

# USERS_ARTISTS 40
INSERT INTO users_artists(user_user_id, artists_artist_id) VALUE(40, '0wn2qDKzeFlhjRUtJAwJjd');
INSERT INTO users_artists(user_user_id, artists_artist_id) VALUE(40, '0wn2qDKzeFlhjRUtJAwJjl');
INSERT INTO users_artists(user_user_id, artists_artist_id) VALUE(40, '0wn2qDKzeFlhjRUtJAwJju');
INSERT INTO users_artists(user_user_id, artists_artist_id) VALUE(40, '0wn2qDKzeFlhjRUtJAwJjv');
INSERT INTO users_artists(user_user_id, artists_artist_id) VALUE(40, '0wn2qDKzeFlhjRUtJAwJha');

# USERS_ARTISTS 41
INSERT INTO users_artists(user_user_id, artists_artist_id) VALUE(41, '0wn2qDKzeFlhjRUtJAwJjd');
INSERT INTO users_artists(user_user_id, artists_artist_id) VALUE(41, '0wn2qDKzeFlhjRUtJAwJjl');
INSERT INTO users_artists(user_user_id, artists_artist_id) VALUE(41, '0wn2qDKzeFlhjRUtJAwJju');
INSERT INTO users_artists(user_user_id, artists_artist_id) VALUE(41, '0wn2qDKzeFlhjRUtJAwJjv');
INSERT INTO users_artists(user_user_id, artists_artist_id) VALUE(41, '0wn2qDKzeFlhjRUtJAwJha');

# USERS_ARTISTS 42
INSERT INTO users_artists(user_user_id, artists_artist_id) VALUE(42, '0wn2qDKzeFlhjRUtJAwJjd');
INSERT INTO users_artists(user_user_id, artists_artist_id) VALUE(42, '0wn2qDKzeFlhjRUtJAwJjl');
INSERT INTO users_artists(user_user_id, artists_artist_id) VALUE(42, '0wn2qDKzeFlhjRUtJAwJju');
INSERT INTO users_artists(user_user_id, artists_artist_id) VALUE(42, '0wn2qDKzeFlhjRUtJAwJjv');
INSERT INTO users_artists(user_user_id, artists_artist_id) VALUE(42, '0wn2qDKzeFlhjRUtJAwJha');

# USERS_ARTISTS 43
INSERT INTO users_artists(user_user_id, artists_artist_id) VALUE(43, '0wn2qDKzeFlhjRUtJAwJjd');
INSERT INTO users_artists(user_user_id, artists_artist_id) VALUE(43, '0wn2qDKzeFlhjRUtJAwJjl');
INSERT INTO users_artists(user_user_id, artists_artist_id) VALUE(43, '0wn2qDKzeFlhjRUtJAwJju');
INSERT INTO users_artists(user_user_id, artists_artist_id) VALUE(43, '0wn2qDKzeFlhjRUtJAwJjv');
INSERT INTO users_artists(user_user_id, artists_artist_id) VALUE(43, '0wn2qDKzeFlhjRUtJAwJha');

# USERS_ARTISTS 44
INSERT INTO users_artists(user_user_id, artists_artist_id) VALUE(44, '0wn2qDKzeFlhjRUtJAwJjd');
INSERT INTO users_artists(user_user_id, artists_artist_id) VALUE(44, '0wn2qDKzeFlhjRUtJAwJjl');
INSERT INTO users_artists(user_user_id, artists_artist_id) VALUE(44, '0wn2qDKzeFlhjRUtJAwJju');
INSERT INTO users_artists(user_user_id, artists_artist_id) VALUE(44, '0wn2qDKzeFlhjRUtJAwJjv');
INSERT INTO users_artists(user_user_id, artists_artist_id) VALUE(44, '0wn2qDKzeFlhjRUtJAwJha');

# USERS_ARTISTS 45
INSERT INTO users_artists(user_user_id, artists_artist_id) VALUE(45, '0wn2qDKzeFlhjRUtJAwJjd');
INSERT INTO users_artists(user_user_id, artists_artist_id) VALUE(45, '0wn2qDKzeFlhjRUtJAwJjl');
INSERT INTO users_artists(user_user_id, artists_artist_id) VALUE(45, '0wn2qDKzeFlhjRUtJAwJju');
INSERT INTO users_artists(user_user_id, artists_artist_id) VALUE(45, '0wn2qDKzeFlhjRUtJAwJjv');
INSERT INTO users_artists(user_user_id, artists_artist_id) VALUE(45, '0wn2qDKzeFlhjRUtJAwJha');

# USERS_ARTISTS 46
INSERT INTO users_artists(user_user_id, artists_artist_id) VALUE(46, '0wn2qDKzeFlhjRUtJAwJjd');
INSERT INTO users_artists(user_user_id, artists_artist_id) VALUE(46, '0wn2qDKzeFlhjRUtJAwJjl');
INSERT INTO users_artists(user_user_id, artists_artist_id) VALUE(46, '0wn2qDKzeFlhjRUtJAwJju');
INSERT INTO users_artists(user_user_id, artists_artist_id) VALUE(46, '0wn2qDKzeFlhjRUtJAwJjv');
INSERT INTO users_artists(user_user_id, artists_artist_id) VALUE(46, '0wn2qDKzeFlhjRUtJAwJha');

# USERS_ARTISTS 47
INSERT INTO users_artists(user_user_id, artists_artist_id) VALUE(47, '0wn2qDKzeFlhjRUtJAwJjd');
INSERT INTO users_artists(user_user_id, artists_artist_id) VALUE(47, '0wn2qDKzeFlhjRUtJAwJjl');
INSERT INTO users_artists(user_user_id, artists_artist_id) VALUE(47, '0wn2qDKzeFlhjRUtJAwJju');
INSERT INTO users_artists(user_user_id, artists_artist_id) VALUE(47, '0wn2qDKzeFlhjRUtJAwJjv');
INSERT INTO users_artists(user_user_id, artists_artist_id) VALUE(47, '0wn2qDKzeFlhjRUtJAwJha');

# USERS_ARTISTS 48
INSERT INTO users_artists(user_user_id, artists_artist_id) VALUE(48, '0wn2qDKzeFlhjRUtJAwJjd');
INSERT INTO users_artists(user_user_id, artists_artist_id) VALUE(48, '0wn2qDKzeFlhjRUtJAwJjl');
INSERT INTO users_artists(user_user_id, artists_artist_id) VALUE(48, '0wn2qDKzeFlhjRUtJAwJju');
INSERT INTO users_artists(user_user_id, artists_artist_id) VALUE(48, '0wn2qDKzeFlhjRUtJAwJjv');
INSERT INTO users_artists(user_user_id, artists_artist_id) VALUE(48, '0wn2qDKzeFlhjRUtJAwJha');

# USERS_ARTISTS 49
INSERT INTO users_artists(user_user_id, artists_artist_id) VALUE(49, '0wn2qDKzeFlhjRUtJAwJjd');
INSERT INTO users_artists(user_user_id, artists_artist_id) VALUE(49, '0wn2qDKzeFlhjRUtJAwJjl');
INSERT INTO users_artists(user_user_id, artists_artist_id) VALUE(49, '0wn2qDKzeFlhjRUtJAwJju');
INSERT INTO users_artists(user_user_id, artists_artist_id) VALUE(49, '0wn2qDKzeFlhjRUtJAwJjv');
INSERT INTO users_artists(user_user_id, artists_artist_id) VALUE(49, '0wn2qDKzeFlhjRUtJAwJha');

# USERS_ARTISTS 50
INSERT INTO users_artists(user_user_id, artists_artist_id) VALUE(50, '0wn2qDKzeFlhjRUtJAwJjd');
INSERT INTO users_artists(user_user_id, artists_artist_id) VALUE(50, '0wn2qDKzeFlhjRUtJAwJjl');
INSERT INTO users_artists(user_user_id, artists_artist_id) VALUE(50, '0wn2qDKzeFlhjRUtJAwJju');
INSERT INTO users_artists(user_user_id, artists_artist_id) VALUE(50, '0wn2qDKzeFlhjRUtJAwJjv');
INSERT INTO users_artists(user_user_id, artists_artist_id) VALUE(50, '0wn2qDKzeFlhjRUtJAwJha');

# USERS_ARTISTS 51
INSERT INTO users_artists(user_user_id, artists_artist_id) VALUE(51, '0wn2qDKzeFlhjRUtJAwJjd');
INSERT INTO users_artists(user_user_id, artists_artist_id) VALUE(51, '0wn2qDKzeFlhjRUtJAwJjl');
INSERT INTO users_artists(user_user_id, artists_artist_id) VALUE(51, '0wn2qDKzeFlhjRUtJAwJju');
INSERT INTO users_artists(user_user_id, artists_artist_id) VALUE(51, '0wn2qDKzeFlhjRUtJAwJjv');
INSERT INTO users_artists(user_user_id, artists_artist_id) VALUE(51, '0wn2qDKzeFlhjRUtJAwJha');

# USERS_ARTISTS 52
INSERT INTO users_artists(user_user_id, artists_artist_id) VALUE(52, '0wn2qDKzeFlhjRUtJAwJjd');
INSERT INTO users_artists(user_user_id, artists_artist_id) VALUE(52, '0wn2qDKzeFlhjRUtJAwJjl');
INSERT INTO users_artists(user_user_id, artists_artist_id) VALUE(52, '0wn2qDKzeFlhjRUtJAwJju');
INSERT INTO users_artists(user_user_id, artists_artist_id) VALUE(52, '0wn2qDKzeFlhjRUtJAwJjv');
INSERT INTO users_artists(user_user_id, artists_artist_id) VALUE(52, '0wn2qDKzeFlhjRUtJAwJha');

# USERS_ARTISTS 53
INSERT INTO users_artists(user_user_id, artists_artist_id) VALUE(53, '0wn2qDKzeFlhjRUtJAwJjd');
INSERT INTO users_artists(user_user_id, artists_artist_id) VALUE(53, '0wn2qDKzeFlhjRUtJAwJjl');
INSERT INTO users_artists(user_user_id, artists_artist_id) VALUE(53, '0wn2qDKzeFlhjRUtJAwJju');
INSERT INTO users_artists(user_user_id, artists_artist_id) VALUE(53, '0wn2qDKzeFlhjRUtJAwJjv');
INSERT INTO users_artists(user_user_id, artists_artist_id) VALUE(53, '0wn2qDKzeFlhjRUtJAwJha');

# USERS_ARTISTS 54
INSERT INTO users_artists(user_user_id, artists_artist_id) VALUE(54, '0wn2qDKzeFlhjRUtJAwJjd');
INSERT INTO users_artists(user_user_id, artists_artist_id) VALUE(54, '0wn2qDKzeFlhjRUtJAwJjl');
INSERT INTO users_artists(user_user_id, artists_artist_id) VALUE(54, '0wn2qDKzeFlhjRUtJAwJju');
INSERT INTO users_artists(user_user_id, artists_artist_id) VALUE(54, '0wn2qDKzeFlhjRUtJAwJjv');
INSERT INTO users_artists(user_user_id, artists_artist_id) VALUE(54, '0wn2qDKzeFlhjRUtJAwJha');

# USERS_ARTISTS 55
INSERT INTO users_artists(user_user_id, artists_artist_id) VALUE(55, '0wn2qDKzeFlhjRUtJAwJjd');
INSERT INTO users_artists(user_user_id, artists_artist_id) VALUE(55, '0wn2qDKzeFlhjRUtJAwJjl');
INSERT INTO users_artists(user_user_id, artists_artist_id) VALUE(55, '0wn2qDKzeFlhjRUtJAwJju');
INSERT INTO users_artists(user_user_id, artists_artist_id) VALUE(55, '0wn2qDKzeFlhjRUtJAwJjv');
INSERT INTO users_artists(user_user_id, artists_artist_id) VALUE(55, '0wn2qDKzeFlhjRUtJAwJha');

# USERS_ARTISTS 56
INSERT INTO users_artists(user_user_id, artists_artist_id) VALUE(56, '0wn2qDKzeFlhjRUtJAwJjd');
INSERT INTO users_artists(user_user_id, artists_artist_id) VALUE(56, '0wn2qDKzeFlhjRUtJAwJjl');
INSERT INTO users_artists(user_user_id, artists_artist_id) VALUE(56, '0wn2qDKzeFlhjRUtJAwJju');
INSERT INTO users_artists(user_user_id, artists_artist_id) VALUE(56, '0wn2qDKzeFlhjRUtJAwJjv');
INSERT INTO users_artists(user_user_id, artists_artist_id) VALUE(56, '0wn2qDKzeFlhjRUtJAwJha');

# USERS_ARTISTS 57
INSERT INTO users_artists(user_user_id, artists_artist_id) VALUE(57, '0wn2qDKzeFlhjRUtJAwJjd');
INSERT INTO users_artists(user_user_id, artists_artist_id) VALUE(57, '0wn2qDKzeFlhjRUtJAwJjl');
INSERT INTO users_artists(user_user_id, artists_artist_id) VALUE(57, '0wn2qDKzeFlhjRUtJAwJju');
INSERT INTO users_artists(user_user_id, artists_artist_id) VALUE(57, '0wn2qDKzeFlhjRUtJAwJjv');
INSERT INTO users_artists(user_user_id, artists_artist_id) VALUE(57, '0wn2qDKzeFlhjRUtJAwJha');

# USERS_ARTISTS 58
INSERT INTO users_artists(user_user_id, artists_artist_id) VALUE(58, '0wn2qDKzeFlhjRUtJAwJjd');
INSERT INTO users_artists(user_user_id, artists_artist_id) VALUE(58, '0wn2qDKzeFlhjRUtJAwJjl');
INSERT INTO users_artists(user_user_id, artists_artist_id) VALUE(58, '0wn2qDKzeFlhjRUtJAwJju');
INSERT INTO users_artists(user_user_id, artists_artist_id) VALUE(58, '0wn2qDKzeFlhjRUtJAwJjv');
INSERT INTO users_artists(user_user_id, artists_artist_id) VALUE(58, '0wn2qDKzeFlhjRUtJAwJha');

# USERS_ARTISTS 59
INSERT INTO users_artists(user_user_id, artists_artist_id) VALUE(59, '0wn2qDKzeFlhjRUtJAwJjd');
INSERT INTO users_artists(user_user_id, artists_artist_id) VALUE(59, '0wn2qDKzeFlhjRUtJAwJjl');
INSERT INTO users_artists(user_user_id, artists_artist_id) VALUE(59, '0wn2qDKzeFlhjRUtJAwJju');
INSERT INTO users_artists(user_user_id, artists_artist_id) VALUE(59, '0wn2qDKzeFlhjRUtJAwJjv');
INSERT INTO users_artists(user_user_id, artists_artist_id) VALUE(59, '0wn2qDKzeFlhjRUtJAwJha');

# USERS_ARTISTS 60
INSERT INTO users_artists(user_user_id, artists_artist_id) VALUE(60, '0wn2qDKzeFlhjRUtJAwJjd');
INSERT INTO users_artists(user_user_id, artists_artist_id) VALUE(60, '0wn2qDKzeFlhjRUtJAwJjl');
INSERT INTO users_artists(user_user_id, artists_artist_id) VALUE(60, '0wn2qDKzeFlhjRUtJAwJju');
INSERT INTO users_artists(user_user_id, artists_artist_id) VALUE(60, '0wn2qDKzeFlhjRUtJAwJjv');
INSERT INTO users_artists(user_user_id, artists_artist_id) VALUE(60, '0wn2qDKzeFlhjRUtJAwJha');

# USERS_ARTISTS 61
INSERT INTO users_artists(user_user_id, artists_artist_id) VALUE(61, '0wn2qDKzeFlhjRUtJAwJjd');
INSERT INTO users_artists(user_user_id, artists_artist_id) VALUE(61, '0wn2qDKzeFlhjRUtJAwJjl');
INSERT INTO users_artists(user_user_id, artists_artist_id) VALUE(61, '0wn2qDKzeFlhjRUtJAwJju');
INSERT INTO users_artists(user_user_id, artists_artist_id) VALUE(61, '0wn2qDKzeFlhjRUtJAwJjv');
INSERT INTO users_artists(user_user_id, artists_artist_id) VALUE(61, '0wn2qDKzeFlhjRUtJAwJha');

# USERS_ARTISTS 62
INSERT INTO users_artists(user_user_id, artists_artist_id) VALUE(62, '0wn2qDKzeFlhjRUtJAwJjd');
INSERT INTO users_artists(user_user_id, artists_artist_id) VALUE(62, '0wn2qDKzeFlhjRUtJAwJjl');
INSERT INTO users_artists(user_user_id, artists_artist_id) VALUE(62, '0wn2qDKzeFlhjRUtJAwJju');
INSERT INTO users_artists(user_user_id, artists_artist_id) VALUE(62, '0wn2qDKzeFlhjRUtJAwJjv');
INSERT INTO users_artists(user_user_id, artists_artist_id) VALUE(62, '0wn2qDKzeFlhjRUtJAwJha');

# USERS_ARTISTS 63
INSERT INTO users_artists(user_user_id, artists_artist_id) VALUE(63, '0wn2qDKzeFlhjRUtJAwJjd');
INSERT INTO users_artists(user_user_id, artists_artist_id) VALUE(63, '0wn2qDKzeFlhjRUtJAwJjl');
INSERT INTO users_artists(user_user_id, artists_artist_id) VALUE(63, '0wn2qDKzeFlhjRUtJAwJju');
INSERT INTO users_artists(user_user_id, artists_artist_id) VALUE(63, '0wn2qDKzeFlhjRUtJAwJjv');
INSERT INTO users_artists(user_user_id, artists_artist_id) VALUE(63, '0wn2qDKzeFlhjRUtJAwJha');

# USERS_ARTISTS 64
INSERT INTO users_artists(user_user_id, artists_artist_id) VALUE(64, '0wn2qDKzeFlhjRUtJAwJjd');
INSERT INTO users_artists(user_user_id, artists_artist_id) VALUE(64, '0wn2qDKzeFlhjRUtJAwJjl');
INSERT INTO users_artists(user_user_id, artists_artist_id) VALUE(64, '0wn2qDKzeFlhjRUtJAwJju');
INSERT INTO users_artists(user_user_id, artists_artist_id) VALUE(64, '0wn2qDKzeFlhjRUtJAwJjv');
INSERT INTO users_artists(user_user_id, artists_artist_id) VALUE(64, '0wn2qDKzeFlhjRUtJAwJha');

# USERS_ARTISTS 65
INSERT INTO users_artists(user_user_id, artists_artist_id) VALUE(65, '0wn2qDKzeFlhjRUtJAwJjd');
INSERT INTO users_artists(user_user_id, artists_artist_id) VALUE(65, '0wn2qDKzeFlhjRUtJAwJjl');
INSERT INTO users_artists(user_user_id, artists_artist_id) VALUE(65, '0wn2qDKzeFlhjRUtJAwJju');
INSERT INTO users_artists(user_user_id, artists_artist_id) VALUE(65, '0wn2qDKzeFlhjRUtJAwJjv');
INSERT INTO users_artists(user_user_id, artists_artist_id) VALUE(65, '0wn2qDKzeFlhjRUtJAwJha');

# USERS_ARTISTS 66
INSERT INTO users_artists(user_user_id, artists_artist_id) VALUE(66, '0wn2qDKzeFlhjRUtJAwJjd');
INSERT INTO users_artists(user_user_id, artists_artist_id) VALUE(66, '0wn2qDKzeFlhjRUtJAwJjl');
INSERT INTO users_artists(user_user_id, artists_artist_id) VALUE(66, '0wn2qDKzeFlhjRUtJAwJju');
INSERT INTO users_artists(user_user_id, artists_artist_id) VALUE(66, '0wn2qDKzeFlhjRUtJAwJjv');
INSERT INTO users_artists(user_user_id, artists_artist_id) VALUE(66, '0wn2qDKzeFlhjRUtJAwJha');

# USERS_ARTISTS 67
INSERT INTO users_artists(user_user_id, artists_artist_id) VALUE(67, '0wn2qDKzeFlhjRUtJAwJjd');
INSERT INTO users_artists(user_user_id, artists_artist_id) VALUE(67, '0wn2qDKzeFlhjRUtJAwJjl');
INSERT INTO users_artists(user_user_id, artists_artist_id) VALUE(67, '0wn2qDKzeFlhjRUtJAwJju');
INSERT INTO users_artists(user_user_id, artists_artist_id) VALUE(67, '0wn2qDKzeFlhjRUtJAwJjv');
INSERT INTO users_artists(user_user_id, artists_artist_id) VALUE(67, '0wn2qDKzeFlhjRUtJAwJha');

# USERS_ARTISTS 68
INSERT INTO users_artists(user_user_id, artists_artist_id) VALUE(68, '0wn2qDKzeFlhjRUtJAwJjd');
INSERT INTO users_artists(user_user_id, artists_artist_id) VALUE(68, '0wn2qDKzeFlhjRUtJAwJjl');
INSERT INTO users_artists(user_user_id, artists_artist_id) VALUE(68, '0wn2qDKzeFlhjRUtJAwJju');
INSERT INTO users_artists(user_user_id, artists_artist_id) VALUE(68, '0wn2qDKzeFlhjRUtJAwJjv');
INSERT INTO users_artists(user_user_id, artists_artist_id) VALUE(68, '0wn2qDKzeFlhjRUtJAwJha');

# USERS_ARTISTS 69
INSERT INTO users_artists(user_user_id, artists_artist_id) VALUE(69, '0wn2qDKzeFlhjRUtJAwJjd');
INSERT INTO users_artists(user_user_id, artists_artist_id) VALUE(69, '0wn2qDKzeFlhjRUtJAwJjl');
INSERT INTO users_artists(user_user_id, artists_artist_id) VALUE(69, '0wn2qDKzeFlhjRUtJAwJju');
INSERT INTO users_artists(user_user_id, artists_artist_id) VALUE(69, '0wn2qDKzeFlhjRUtJAwJjv');
INSERT INTO users_artists(user_user_id, artists_artist_id) VALUE(69, '0wn2qDKzeFlhjRUtJAwJha');

# USERS_ARTISTS 70
INSERT INTO users_artists(user_user_id, artists_artist_id) VALUE(70, '0wn2qDKzeFlhjRUtJAwJjd');
INSERT INTO users_artists(user_user_id, artists_artist_id) VALUE(70, '0wn2qDKzeFlhjRUtJAwJjl');
INSERT INTO users_artists(user_user_id, artists_artist_id) VALUE(70, '0wn2qDKzeFlhjRUtJAwJju');
INSERT INTO users_artists(user_user_id, artists_artist_id) VALUE(70, '0wn2qDKzeFlhjRUtJAwJjv');
INSERT INTO users_artists(user_user_id, artists_artist_id) VALUE(70, '0wn2qDKzeFlhjRUtJAwJha');

# USERS_ARTISTS 71
INSERT INTO users_artists(user_user_id, artists_artist_id) VALUE(71, '0wn2qDKzeFlhjRUtJAwJjd');
INSERT INTO users_artists(user_user_id, artists_artist_id) VALUE(71, '0wn2qDKzeFlhjRUtJAwJjl');
INSERT INTO users_artists(user_user_id, artists_artist_id) VALUE(71, '0wn2qDKzeFlhjRUtJAwJju');
INSERT INTO users_artists(user_user_id, artists_artist_id) VALUE(71, '0wn2qDKzeFlhjRUtJAwJjv');
INSERT INTO users_artists(user_user_id, artists_artist_id) VALUE(71, '0wn2qDKzeFlhjRUtJAwJha');















/*
# Usuario 2:
# Tiene 8 coincidencias con Usuario 1.
# Tiene 3 coincidencias con Usuario 3.
# Tiene 3 coincidencias con Usuario 4.
# Tiene 2 coincidencias con Usuario 5.
# Tiene 0 coincidencias con Usuario 6. (Usuario no activo)
INSERT INTO users_artists(user_user_id, artists_artist_id) VALUE(2, '0wn2qDKzeFlhjRUtJAwJjd');
INSERT INTO users_artists(user_user_id, artists_artist_id) VALUE(2, '0wn2qDKzeFlhjRUtJAwJjl');
INSERT INTO users_artists(user_user_id, artists_artist_id) VALUE(2, '0wn2qDKzeFlhjRUtJAwJjt');
INSERT INTO users_artists(user_user_id, artists_artist_id) VALUE(2, '0wn2qDKzeFlhjRUtJAwJju');
INSERT INTO users_artists(user_user_id, artists_artist_id) VALUE(2, '0wn2qDKzeFlhjRUtJAwJjv');
INSERT INTO users_artists(user_user_id, artists_artist_id) VALUE(2, '0wn2qDKzeFlhjRUtJAwJha');
INSERT INTO users_artists(user_user_id, artists_artist_id) VALUE(2, '0wn2qDKzeFlhjRUtJAwJia');
INSERT INTO users_artists(user_user_id, artists_artist_id) VALUE(2, '0wn2qDKzeFlhjRUtJAwJza');
INSERT INTO users_artists(user_user_id, artists_artist_id) VALUE(2, '0wn2qDKzeFlhjRUtJAwZaa');
INSERT INTO users_artists(user_user_id, artists_artist_id) VALUE(2, '0wn2qDKzeFlhjRUtJAvZaa');

# Usuario 3:
# Tiene 2 coincidencias con Usuario 1.
# Tiene 3 coincidencias con Usuario 2.
# Tiene 1 coincidencias con Usuario 4.
# Tiene 1 coincidencias con Usuario 5.
# Tiene 1 coincidencias con Usuario 6. (Usuario no activo)
INSERT INTO users_artists(user_user_id, artists_artist_id) VALUE(3, '0wn2qDKzeFlhjRUtJAwJja');
INSERT INTO users_artists(user_user_id, artists_artist_id) VALUE(3, '0wn2qDKzeFlhjRUtJAwJjl');
INSERT INTO users_artists(user_user_id, artists_artist_id) VALUE(3, '0wn2qDKzeFlhjRUtJAwJjo');
INSERT INTO users_artists(user_user_id, artists_artist_id) VALUE(3, '0wn2qDKzeFlhjRUtJAwJjq');
INSERT INTO users_artists(user_user_id, artists_artist_id) VALUE(3, '0wn2qDKzeFlhjRUtJAwJjv');
INSERT INTO users_artists(user_user_id, artists_artist_id) VALUE(3, '0wn2qDKzeFlhjRUtJAwJza');
INSERT INTO users_artists(user_user_id, artists_artist_id) VALUE(3, '0wn2qDKzeFlhjRUtJAwNaa');
INSERT INTO users_artists(user_user_id, artists_artist_id) VALUE(3, '0wn2qDKzeFlhjRUtJAjZaa');
INSERT INTO users_artists(user_user_id, artists_artist_id) VALUE(3, '0wn2qDKzeFlhjRUtJAkZaa');
INSERT INTO users_artists(user_user_id, artists_artist_id) VALUE(3, '0wn2qDKzeFlhjRUtJAmZaa');

# Usuario 4:
# Tiene 3 coincidencias con Usuario 1.
# Tiene 3 coincidencias con Usuario 2.
# Tiene 1 coincidencias con Usuario 3.
# Tiene 3 coincidencias con Usuario 5.
# Tiene 2 coincidencias con Usuario 6. (Usuario no activo)
INSERT INTO users_artists(user_user_id, artists_artist_id) VALUE(4, '0wn2qDKzeFlhjRUtJAwJjb');
INSERT INTO users_artists(user_user_id, artists_artist_id) VALUE(4, '0wn2qDKzeFlhjRUtJAwJjc');
INSERT INTO users_artists(user_user_id, artists_artist_id) VALUE(4, '0wn2qDKzeFlhjRUtJAwJr');
INSERT INTO users_artists(user_user_id, artists_artist_id) VALUE(4, '0wn2qDKzeFlhjRUtJAwJjv');
INSERT INTO users_artists(user_user_id, artists_artist_id) VALUE(4, '0wn2qDKzeFlhjRUtJAwJjy');
INSERT INTO users_artists(user_user_id, artists_artist_id) VALUE(4, '0wn2qDKzeFlhjRUtJAwJha');
INSERT INTO users_artists(user_user_id, artists_artist_id) VALUE(4, '0wn2qDKzeFlhjRUtJAwJxa');
INSERT INTO users_artists(user_user_id, artists_artist_id) VALUE(4, '0wn2qDKzeFlhjRUtJAwJya');
INSERT INTO users_artists(user_user_id, artists_artist_id) VALUE(4, '0wn2qDKzeFlhjRUtJAwZaa');
INSERT INTO users_artists(user_user_id, artists_artist_id) VALUE(4, '0wn2qDKzeFlhjRUtJAsZaa');

# Usuario 5:
# Tiene 3 coincidencias con Usuario 1.
# Tiene 2 coincidencias con Usuario 2.
# Tiene 1 coincidencias con Usuario 3.
# Tiene 3 coincidencias con Usuario 4.
# Tiene 2 coincidencias con Usuario 6. (Usuario no activo)
INSERT INTO users_artists(user_user_id, artists_artist_id) VALUE(5, '0wn2qDKzeFlhjRUtJAwJja');
INSERT INTO users_artists(user_user_id, artists_artist_id) VALUE(5, '0wn2qDKzeFlhjRUtJAwJjb');
INSERT INTO users_artists(user_user_id, artists_artist_id) VALUE(5, '0wn2qDKzeFlhjRUtJAwJjk');
INSERT INTO users_artists(user_user_id, artists_artist_id) VALUE(5, '0wn2qDKzeFlhjRUtJAwJjn');
INSERT INTO users_artists(user_user_id, artists_artist_id) VALUE(5, '0wn2qDKzeFlhjRUtJAwJba');
INSERT INTO users_artists(user_user_id, artists_artist_id) VALUE(5, '0wn2qDKzeFlhjRUtJAwJda');
INSERT INTO users_artists(user_user_id, artists_artist_id) VALUE(5, '0wn2qDKzeFlhjRUtJAwJha');
INSERT INTO users_artists(user_user_id, artists_artist_id) VALUE(5, '0wn2qDKzeFlhjRUtJAwJia');
INSERT INTO users_artists(user_user_id, artists_artist_id) VALUE(5, '0wn2qDKzeFlhjRUtJAwJxa');
INSERT INTO users_artists(user_user_id, artists_artist_id) VALUE(5, '0wn2qDKzeFlhjRUtJAwAaa');

# Usuario 6 (Usuario no activo):
# Tiene 0 coincidencias con Usuario 1.
# Tiene 0 coincidencias con Usuario 2.
# Tiene 1 coincidencias con Usuario 3.
# Tiene 2 coincidencias con Usuario 4.
# Tiene 2 coincidencias con Usuario 5.
INSERT INTO users_artists(user_user_id, artists_artist_id) VALUE(6, '0wn2qDKzeFlhjRUtJAwJja');
INSERT INTO users_artists(user_user_id, artists_artist_id) VALUE(6, '0wn2qDKzeFlhjRUtJAwJjh');
INSERT INTO users_artists(user_user_id, artists_artist_id) VALUE(6, '0wn2qDKzeFlhjRUtJAwJjx');
INSERT INTO users_artists(user_user_id, artists_artist_id) VALUE(6, '0wn2qDKzeFlhjRUtJAwJjz');
INSERT INTO users_artists(user_user_id, artists_artist_id) VALUE(6, '0wn2qDKzeFlhjRUtJAwJsa');
INSERT INTO users_artists(user_user_id, artists_artist_id) VALUE(6, '0wn2qDKzeFlhjRUtJAwJxa');
INSERT INTO users_artists(user_user_id, artists_artist_id) VALUE(6, '0wn2qDKzeFlhjRUtJAwYaa');
INSERT INTO users_artists(user_user_id, artists_artist_id) VALUE(6, '0wn2qDKzeFlhjRUtJAbZaa');
INSERT INTO users_artists(user_user_id, artists_artist_id) VALUE(6, '0wn2qDKzeFlhjRUtJArZaa');
INSERT INTO users_artists(user_user_id, artists_artist_id) VALUE(6, '0wn2qDKzeFlhjRUtJAsZaa');
*/

/*
# USERS_GENRES
INSERT INTO users_genres(user_user_id, genres_genre_id) VALUE(1, 2);
INSERT INTO users_genres(user_user_id, genres_genre_id) VALUE(2, 2);
INSERT INTO users_genres(user_user_id, genres_genre_id) VALUE(2, 4);
INSERT INTO users_genres(user_user_id, genres_genre_id) VALUE(3, 8);
INSERT INTO users_genres(user_user_id, genres_genre_id) VALUE(4, 7);
INSERT INTO users_genres(user_user_id, genres_genre_id) VALUE(4, 4);
INSERT INTO users_genres(user_user_id, genres_genre_id) VALUE(5, 4);
INSERT INTO users_genres(user_user_id, genres_genre_id) VALUE(5, 3);
INSERT INTO users_genres(user_user_id, genres_genre_id) VALUE(5, 2);
INSERT INTO users_genres(user_user_id, genres_genre_id) VALUE(6, 4);
*/




# MATCH_PREFERENCES
#CASO PRUEBA, IR EDITANDO PREFERENCIAS.
INSERT INTO match_preferences(active, compatibility_percentage, distance, female, just_friends, long_term_relationship, male, max_age, min_age, other, right_now, user_id) 
	VALUE(true, 'NO_DESAFINAN', 'MUY_CERCA', true, true, true, true, 60, 18, true, true, 1);

#MASC VARÍAN EN EDAD
INSERT INTO match_preferences(active, compatibility_percentage, distance, female, just_friends, long_term_relationship, male, max_age, min_age, other, right_now, user_id) 
	VALUE(true, 'NO_DESAFINAN', 'MUY_CERCA', true, true, true, true, 55, 18, true, true, 2);
INSERT INTO match_preferences(active, compatibility_percentage, distance, female, just_friends, long_term_relationship, male, max_age, min_age, other, right_now, user_id) 
	VALUE(true, 'NO_DESAFINAN', 'MUY_CERCA', true, true, true, true, 55, 18, true, true, 3);
INSERT INTO match_preferences(active, compatibility_percentage, distance, female, just_friends, long_term_relationship, male, max_age, min_age, other, right_now, user_id) 
	VALUE(true, 'NO_DESAFINAN', 'MUY_CERCA', true, true, true, true, 55, 18, true, true, 4);
INSERT INTO match_preferences(active, compatibility_percentage, distance, female, just_friends, long_term_relationship, male, max_age, min_age, other, right_now, user_id) 
	VALUE(true, 'NO_DESAFINAN', 'MUY_CERCA', true, true, true, true, 55, 18, true, true, 5);
INSERT INTO match_preferences(active, compatibility_percentage, distance, female, just_friends, long_term_relationship, male, max_age, min_age, other, right_now, user_id) 
	VALUE(true, 'NO_DESAFINAN', 'MUY_CERCA', true, true, true, true, 55, 18, true, true, 6);

#MASC VARÍAN EN EDAD. RIGHT NOW.
INSERT INTO match_preferences(active, compatibility_percentage, distance, female, just_friends, long_term_relationship, male, max_age, min_age, other, right_now, user_id) 
	VALUE(true, 'NO_DESAFINAN', 'MUY_CERCA', true, false, false, true, 55, 18, true, true, 7);
INSERT INTO match_preferences(active, compatibility_percentage, distance, female, just_friends, long_term_relationship, male, max_age, min_age, other, right_now, user_id) 
	VALUE(true, 'NO_DESAFINAN', 'MUY_CERCA', true, false, false, true, 55, 18, true, true, 8);
INSERT INTO match_preferences(active, compatibility_percentage, distance, female, just_friends, long_term_relationship, male, max_age, min_age, other, right_now, user_id) 
	VALUE(true, 'NO_DESAFINAN', 'MUY_CERCA', true, false, false, true, 55, 18, true, true, 9);
INSERT INTO match_preferences(active, compatibility_percentage, distance, female, just_friends, long_term_relationship, male, max_age, min_age, other, right_now, user_id) 
	VALUE(true, 'NO_DESAFINAN', 'MUY_CERCA', true, false, false, true, 55, 18, true, true, 10);
INSERT INTO match_preferences(active, compatibility_percentage, distance, female, just_friends, long_term_relationship, male, max_age, min_age, other, right_now, user_id) 
	VALUE(true, 'NO_DESAFINAN', 'MUY_CERCA', true, false, false, true, 55, 18, true, true, 11);

#MASC VARÍAN EN EDAD. JUST FRIENDS.
INSERT INTO match_preferences(active, compatibility_percentage, distance, female, just_friends, long_term_relationship, male, max_age, min_age, other, right_now, user_id) 
	VALUE(true, 'NO_DESAFINAN', 'MUY_CERCA', true, true, false, true, 55, 18, true, false, 12);
INSERT INTO match_preferences(active, compatibility_percentage, distance, female, just_friends, long_term_relationship, male, max_age, min_age, other, right_now, user_id) 
	VALUE(true, 'NO_DESAFINAN', 'MUY_CERCA', true, true, false, true, 55, 18, true, false, 13);
INSERT INTO match_preferences(active, compatibility_percentage, distance, female, just_friends, long_term_relationship, male, max_age, min_age, other, right_now, user_id) 
	VALUE(true, 'NO_DESAFINAN', 'MUY_CERCA', true, true, false, true, 55, 18, true, false, 14);
INSERT INTO match_preferences(active, compatibility_percentage, distance, female, just_friends, long_term_relationship, male, max_age, min_age, other, right_now, user_id) 
	VALUE(true, 'NO_DESAFINAN', 'MUY_CERCA', true, true, false, true, 55, 18, true, false, 15);
INSERT INTO match_preferences(active, compatibility_percentage, distance, female, just_friends, long_term_relationship, male, max_age, min_age, other, right_now, user_id) 
	VALUE(true, 'NO_DESAFINAN', 'MUY_CERCA', true, true, false, true, 55, 18, true, false, 16);

#MASC VARÍAN EN EDAD. LTR.
INSERT INTO match_preferences(active, compatibility_percentage, distance, female, just_friends, long_term_relationship, male, max_age, min_age, other, right_now, user_id) 
	VALUE(true, 'NO_DESAFINAN', 'MUY_CERCA', true, false, true, true, 55, 18, true, false, 17);
INSERT INTO match_preferences(active, compatibility_percentage, distance, female, just_friends, long_term_relationship, male, max_age, min_age, other, right_now, user_id) 
	VALUE(true, 'NO_DESAFINAN', 'MUY_CERCA', true, false, true, true, 55, 18, true, false, 18);
INSERT INTO match_preferences(active, compatibility_percentage, distance, female, just_friends, long_term_relationship, male, max_age, min_age, other, right_now, user_id) 
	VALUE(true, 'NO_DESAFINAN', 'MUY_CERCA', true, false, true, true, 55, 18, true, false, 19);
INSERT INTO match_preferences(active, compatibility_percentage, distance, female, just_friends, long_term_relationship, male, max_age, min_age, other, right_now, user_id) 
	VALUE(true, 'NO_DESAFINAN', 'MUY_CERCA', true, false, true, true, 55, 18, true, false, 20);
INSERT INTO match_preferences(active, compatibility_percentage, distance, female, just_friends, long_term_relationship, male, max_age, min_age, other, right_now, user_id) 
	VALUE(true, 'NO_DESAFINAN', 'MUY_CERCA', true, false, true, true, 55, 18, true, false, 21);

#MASC NEGATIVOS
INSERT INTO match_preferences(active, compatibility_percentage, distance, female, just_friends, long_term_relationship, male, max_age, min_age, other, right_now, user_id) 
	VALUE(true, 'NO_DESAFINAN', 'MUY_CERCA', true, true, true, false, 55, 18, true, true, 22);
INSERT INTO match_preferences(active, compatibility_percentage, distance, female, just_friends, long_term_relationship, male, max_age, min_age, other, right_now, user_id) 
	VALUE(true, 'NO_DESAFINAN', 'MUY_CERCA', true, true, true, true, 55, 40, true, true, 23);
INSERT INTO match_preferences(active, compatibility_percentage, distance, female, just_friends, long_term_relationship, male, max_age, min_age, other, right_now, user_id) 
	VALUE(true, 'NO_DESAFINAN', 'MUY_CERCA', true, true, true, true, 22, 18, true, true, 24);

#FEM VARÍAN EN EDAD
INSERT INTO match_preferences(active, compatibility_percentage, distance, female, just_friends, long_term_relationship, male, max_age, min_age, other, right_now, user_id) 
	VALUE(true, 'NO_DESAFINAN', 'MUY_CERCA', true, true, true, true, 55, 18, true, true, 25);
INSERT INTO match_preferences(active, compatibility_percentage, distance, female, just_friends, long_term_relationship, male, max_age, min_age, other, right_now, user_id) 
	VALUE(true, 'NO_DESAFINAN', 'MUY_CERCA', true, true, true, true, 55, 18, true, true, 26);
INSERT INTO match_preferences(active, compatibility_percentage, distance, female, just_friends, long_term_relationship, male, max_age, min_age, other, right_now, user_id) 
	VALUE(true, 'NO_DESAFINAN', 'MUY_CERCA', true, true, true, true, 55, 18, true, true, 27);
INSERT INTO match_preferences(active, compatibility_percentage, distance, female, just_friends, long_term_relationship, male, max_age, min_age, other, right_now, user_id) 
	VALUE(true, 'NO_DESAFINAN', 'MUY_CERCA', true, true, true, true, 55, 18, true, true, 28);
INSERT INTO match_preferences(active, compatibility_percentage, distance, female, just_friends, long_term_relationship, male, max_age, min_age, other, right_now, user_id) 
	VALUE(true, 'NO_DESAFINAN', 'MUY_CERCA', true, true, true, true, 55, 18, true, true, 29);

#FEM VARÍAN EN EDAD. RIGHT NOW.
INSERT INTO match_preferences(active, compatibility_percentage, distance, female, just_friends, long_term_relationship, male, max_age, min_age, other, right_now, user_id) 
	VALUE(true, 'NO_DESAFINAN', 'MUY_CERCA', true, false, false, true, 55, 18, true, true, 30);
INSERT INTO match_preferences(active, compatibility_percentage, distance, female, just_friends, long_term_relationship, male, max_age, min_age, other, right_now, user_id) 
	VALUE(true, 'NO_DESAFINAN', 'MUY_CERCA', true, false, false, true, 55, 18, true, true, 31);
INSERT INTO match_preferences(active, compatibility_percentage, distance, female, just_friends, long_term_relationship, male, max_age, min_age, other, right_now, user_id) 
	VALUE(true, 'NO_DESAFINAN', 'MUY_CERCA', true, false, false, true, 55, 18, true, true, 32);
INSERT INTO match_preferences(active, compatibility_percentage, distance, female, just_friends, long_term_relationship, male, max_age, min_age, other, right_now, user_id) 
	VALUE(true, 'NO_DESAFINAN', 'MUY_CERCA', true, false, false, true, 55, 18, true, true, 33);
INSERT INTO match_preferences(active, compatibility_percentage, distance, female, just_friends, long_term_relationship, male, max_age, min_age, other, right_now, user_id) 
	VALUE(true, 'NO_DESAFINAN', 'MUY_CERCA', true, false, false, true, 55, 18, true, true, 34);

#FEM VARÍAN EN EDAD. JUST FRIENDS.
INSERT INTO match_preferences(active, compatibility_percentage, distance, female, just_friends, long_term_relationship, male, max_age, min_age, other, right_now, user_id) 
	VALUE(true, 'NO_DESAFINAN', 'MUY_CERCA', true, true, false, true, 55, 18, true, false, 35);
INSERT INTO match_preferences(active, compatibility_percentage, distance, female, just_friends, long_term_relationship, male, max_age, min_age, other, right_now, user_id) 
	VALUE(true, 'NO_DESAFINAN', 'MUY_CERCA', true, true, false, true, 55, 18, true, false, 36);
INSERT INTO match_preferences(active, compatibility_percentage, distance, female, just_friends, long_term_relationship, male, max_age, min_age, other, right_now, user_id) 
	VALUE(true, 'NO_DESAFINAN', 'MUY_CERCA', true, true, false, true, 55, 18, true, false, 37);
INSERT INTO match_preferences(active, compatibility_percentage, distance, female, just_friends, long_term_relationship, male, max_age, min_age, other, right_now, user_id) 
	VALUE(true, 'NO_DESAFINAN', 'MUY_CERCA', true, true, false, true, 55, 18, true, false, 38);
INSERT INTO match_preferences(active, compatibility_percentage, distance, female, just_friends, long_term_relationship, male, max_age, min_age, other, right_now, user_id) 
	VALUE(true, 'NO_DESAFINAN', 'MUY_CERCA', true, true, false, true, 55, 18, true, false, 39);

#FEM VARÍAN EN EDAD. LTR.
INSERT INTO match_preferences(active, compatibility_percentage, distance, female, just_friends, long_term_relationship, male, max_age, min_age, other, right_now, user_id) 
	VALUE(true, 'NO_DESAFINAN', 'MUY_CERCA', true, false, true, true, 55, 18, true, false, 40);
INSERT INTO match_preferences(active, compatibility_percentage, distance, female, just_friends, long_term_relationship, male, max_age, min_age, other, right_now, user_id) 
	VALUE(true, 'NO_DESAFINAN', 'MUY_CERCA', true, false, true, true, 55, 18, true, false, 41);
INSERT INTO match_preferences(active, compatibility_percentage, distance, female, just_friends, long_term_relationship, male, max_age, min_age, other, right_now, user_id) 
	VALUE(true, 'NO_DESAFINAN', 'MUY_CERCA', true, false, true, true, 55, 18, true, false, 42);
INSERT INTO match_preferences(active, compatibility_percentage, distance, female, just_friends, long_term_relationship, male, max_age, min_age, other, right_now, user_id) 
	VALUE(true, 'NO_DESAFINAN', 'MUY_CERCA', true, false, true, true, 55, 18, true, false, 43);
INSERT INTO match_preferences(active, compatibility_percentage, distance, female, just_friends, long_term_relationship, male, max_age, min_age, other, right_now, user_id) 
	VALUE(true, 'NO_DESAFINAN', 'MUY_CERCA', true, false, true, true, 55, 18, true, false, 44);

#FEM NEGATIVOS
INSERT INTO match_preferences(active, compatibility_percentage, distance, female, just_friends, long_term_relationship, male, max_age, min_age, other, right_now, user_id) 
	VALUE(true, 'NO_DESAFINAN', 'MUY_CERCA', true, true, true, false, 55, 18, true, true, 45);
INSERT INTO match_preferences(active, compatibility_percentage, distance, female, just_friends, long_term_relationship, male, max_age, min_age, other, right_now, user_id) 
	VALUE(true, 'NO_DESAFINAN', 'MUY_CERCA', true, true, true, true, 55, 40, true, true, 46);
INSERT INTO match_preferences(active, compatibility_percentage, distance, female, just_friends, long_term_relationship, male, max_age, min_age, other, right_now, user_id) 
	VALUE(true, 'NO_DESAFINAN', 'MUY_CERCA', true, true, true, true, 22, 18, true, true, 47);

#OTRX VARÍAN EN EDAD
INSERT INTO match_preferences(active, compatibility_percentage, distance, female, just_friends, long_term_relationship, male, max_age, min_age, other, right_now, user_id) 
	VALUE(true, 'NO_DESAFINAN', 'MUY_CERCA', true, true, true, true, 55, 18, true, true, 48);
INSERT INTO match_preferences(active, compatibility_percentage, distance, female, just_friends, long_term_relationship, male, max_age, min_age, other, right_now, user_id) 
	VALUE(true, 'NO_DESAFINAN', 'MUY_CERCA', true, true, true, true, 55, 18, true, true, 49);
INSERT INTO match_preferences(active, compatibility_percentage, distance, female, just_friends, long_term_relationship, male, max_age, min_age, other, right_now, user_id) 
	VALUE(true, 'NO_DESAFINAN', 'MUY_CERCA', true, true, true, true, 55, 18, true, true, 50);
INSERT INTO match_preferences(active, compatibility_percentage, distance, female, just_friends, long_term_relationship, male, max_age, min_age, other, right_now, user_id) 
	VALUE(true, 'NO_DESAFINAN', 'MUY_CERCA', true, true, true, true, 55, 18, true, true, 51);
INSERT INTO match_preferences(active, compatibility_percentage, distance, female, just_friends, long_term_relationship, male, max_age, min_age, other, right_now, user_id) 
	VALUE(true, 'NO_DESAFINAN', 'MUY_CERCA', true, true, true, true, 55, 18, true, true, 52);

#OTRX VARÍAN EN EDAD. RIGHT NOW.
INSERT INTO match_preferences(active, compatibility_percentage, distance, female, just_friends, long_term_relationship, male, max_age, min_age, other, right_now, user_id) 
	VALUE(true, 'NO_DESAFINAN', 'MUY_CERCA', true, false, false, true, 55, 18, true, true, 53);
INSERT INTO match_preferences(active, compatibility_percentage, distance, female, just_friends, long_term_relationship, male, max_age, min_age, other, right_now, user_id) 
	VALUE(true, 'NO_DESAFINAN', 'MUY_CERCA', true, false, false, true, 55, 18, true, true, 54);
INSERT INTO match_preferences(active, compatibility_percentage, distance, female, just_friends, long_term_relationship, male, max_age, min_age, other, right_now, user_id) 
	VALUE(true, 'NO_DESAFINAN', 'MUY_CERCA', true, false, false, true, 55, 18, true, true, 55);
INSERT INTO match_preferences(active, compatibility_percentage, distance, female, just_friends, long_term_relationship, male, max_age, min_age, other, right_now, user_id) 
	VALUE(true, 'NO_DESAFINAN', 'MUY_CERCA', true, false, false, true, 55, 18, true, true, 56);
INSERT INTO match_preferences(active, compatibility_percentage, distance, female, just_friends, long_term_relationship, male, max_age, min_age, other, right_now, user_id) 
	VALUE(true, 'NO_DESAFINAN', 'MUY_CERCA', true, false, false, true, 55, 18, true, true, 57);

#FEM VARÍAN EN EDAD. JUST FRIENDS.
INSERT INTO match_preferences(active, compatibility_percentage, distance, female, just_friends, long_term_relationship, male, max_age, min_age, other, right_now, user_id) 
	VALUE(true, 'NO_DESAFINAN', 'MUY_CERCA', true, true, false, true, 55, 18, true, false, 58);
INSERT INTO match_preferences(active, compatibility_percentage, distance, female, just_friends, long_term_relationship, male, max_age, min_age, other, right_now, user_id) 
	VALUE(true, 'NO_DESAFINAN', 'MUY_CERCA', true, true, false, true, 55, 18, true, false, 59);
INSERT INTO match_preferences(active, compatibility_percentage, distance, female, just_friends, long_term_relationship, male, max_age, min_age, other, right_now, user_id) 
	VALUE(true, 'NO_DESAFINAN', 'MUY_CERCA', true, true, false, true, 55, 18, true, false, 60);
INSERT INTO match_preferences(active, compatibility_percentage, distance, female, just_friends, long_term_relationship, male, max_age, min_age, other, right_now, user_id) 
	VALUE(true, 'NO_DESAFINAN', 'MUY_CERCA', true, true, false, true, 55, 18, true, false, 61);
INSERT INTO match_preferences(active, compatibility_percentage, distance, female, just_friends, long_term_relationship, male, max_age, min_age, other, right_now, user_id) 
	VALUE(true, 'NO_DESAFINAN', 'MUY_CERCA', true, true, false, true, 55, 18, true, false, 62);

#FEM VARÍAN EN EDAD. LTR.
INSERT INTO match_preferences(active, compatibility_percentage, distance, female, just_friends, long_term_relationship, male, max_age, min_age, other, right_now, user_id) 
	VALUE(true, 'NO_DESAFINAN', 'MUY_CERCA', true, false, true, true, 55, 18, true, false, 63);
INSERT INTO match_preferences(active, compatibility_percentage, distance, female, just_friends, long_term_relationship, male, max_age, min_age, other, right_now, user_id) 
	VALUE(true, 'NO_DESAFINAN', 'MUY_CERCA', true, false, true, true, 55, 18, true, false, 64);
INSERT INTO match_preferences(active, compatibility_percentage, distance, female, just_friends, long_term_relationship, male, max_age, min_age, other, right_now, user_id) 
	VALUE(true, 'NO_DESAFINAN', 'MUY_CERCA', true, false, true, true, 55, 18, true, false, 65);
INSERT INTO match_preferences(active, compatibility_percentage, distance, female, just_friends, long_term_relationship, male, max_age, min_age, other, right_now, user_id) 
	VALUE(true, 'NO_DESAFINAN', 'MUY_CERCA', true, false, true, true, 55, 18, true, false, 66);
INSERT INTO match_preferences(active, compatibility_percentage, distance, female, just_friends, long_term_relationship, male, max_age, min_age, other, right_now, user_id) 
	VALUE(true, 'NO_DESAFINAN', 'MUY_CERCA', true, false, true, true, 55, 18, true, false, 67);

#FEM NEGATIVOS
INSERT INTO match_preferences(active, compatibility_percentage, distance, female, just_friends, long_term_relationship, male, max_age, min_age, other, right_now, user_id) 
	VALUE(true, 'NO_DESAFINAN', 'MUY_CERCA', true, true, true, false, 55, 18, true, true, 68);
INSERT INTO match_preferences(active, compatibility_percentage, distance, female, just_friends, long_term_relationship, male, max_age, min_age, other, right_now, user_id) 
	VALUE(true, 'NO_DESAFINAN', 'MUY_CERCA', true, true, true, true, 55, 40, true, true, 69);
INSERT INTO match_preferences(active, compatibility_percentage, distance, female, just_friends, long_term_relationship, male, max_age, min_age, other, right_now, user_id) 
	VALUE(true, 'NO_DESAFINAN', 'MUY_CERCA', true, true, true, true, 22, 18, true, true, 70);

#CASO A DESACTIVAR..
INSERT INTO match_preferences(active, compatibility_percentage, distance, female, just_friends, long_term_relationship, male, max_age, min_age, other, right_now, user_id) 
	VALUE(true, 'NO_DESAFINAN', 'MUY_CERCA', true, true, true, true, 55, 18, true, true, 71);





/*
# CHATS
INSERT INTO chats(active, date, last_message, previous_messages, receiver_id, sender_id) 
	VALUE(true, '2024-02-22 00:00:00.000000', 'Chau!', CAST(JSON_ARRAY('Hola todo bien?', 'Bien y vos?') AS BINARY), 2, 1);

# MATCHES
INSERT INTO matches(active, compatibility_percentage, date_of_match, chat_id, user_id_1, user_id_2) 
	VALUE(true, 80, '2024-01-22 00:00:00.000000', 1, 1, 2);

# REPORTED_MESSAGES
INSERT INTO reported_messages(date, message, reviewed, chat_id, receiver_id, sender_id) 
	VALUE('2024-02-22 02:00:00.000000', 'Me sentí ofendido. Mensaje: Chau!', false, 1, 2, 1);
    */